time,equal_weighted,historical_average,pls_regression_1,pls_regression_316,canonical_pls_1,cca_regression_1
1987-02-01,0.004450346205791457,0.03235501938384472,-0.0021704126729222696,-0.043613081385098465,0.0024763174000687017,0.06469553450487807
1987-03-01,0.04568276453571271,0.10573938742546637,0.040863057125782115,-0.04524616544305526,0.05556437666779001,0.17360641932960627
1987-04-01,0.06761803031913335,0.11839621642208153,0.06620189265182908,-0.019677790961723025,0.06455223491168116,0.17026474590601232
1987-05-01,0.09806877413487174,0.15381408955309112,0.11194720716556482,-0.016232808302946704,0.08322434306902236,0.2014808385765162
1987-06-01,0.11356159528926978,0.18613188260783725,0.135293759451866,-0.05368054729606844,0.10853476144867703,0.24062785197378742
1987-07-01,0.13291494771318624,0.19971963732747872,0.14613246065847815,-0.011247045194351175,0.1222784645020624,0.26192506942048877
1987-08-01,0.203822517706539,0.2827048880479528,0.23203372924145482,0.0203946703744047,0.18411361070224863,0.31948076766390027
1987-09-01,0.2009985192836416,0.28160880540047717,0.22199824844565982,0.002895531276019022,0.19680330521885955,0.32006106959944314
1987-10-01,0.22817953232640537,0.3176921737679138,0.24141432988666342,0.029098337647472043,0.2001201769081517,0.37163379872661706
1987-11-01,-0.0850353022960292,-0.03422282864089841,-0.06863227832353311,-0.20772822134483435,-0.06892734199933898,-0.0351583115627186
1987-12-01,-0.16945139629291076,-0.11769553595248666,-0.15598072546830577,-0.2658477032091278,-0.15718315079640308,-0.12178566568635366
1988-01-01,-0.14493050337113192,-0.097418658837108,-0.13327947767985046,-0.2454473468686315,-0.1511869015404848,-0.10906666965799013
1988-02-01,-0.13686493602302752,-0.07926354402119724,-0.1226097615508541,-0.2458096480218838,-0.13451676774701246,-0.07106342752934054
1988-03-01,-0.08252834313074947,-0.029756306759533478,-0.0674120980731157,-0.18433539989720787,-0.08020726264981277,-0.027372906226807357
1988-04-01,-0.08349093628144443,-0.031687899182702,-0.061324252014666604,-0.1886878959208969,-0.0867655585049619,-0.040337878962879846
1988-05-01,-0.05954218993879084,-0.003931948581833753,-0.03345419195496867,-0.17064532469896154,-0.0673917202798575,-0.0183569339681731
1988-06-01,-0.045642071892802165,0.015859868254541457,-0.021687333066201134,-0.19512741277482504,-0.06656631181153094,0.005481135224563543
1988-07-01,-0.002107473709937257,0.061792696323811666,0.02714872321450907,-0.1500643397979722,-0.02039582963707211,0.049905427624889614
1988-08-01,0.021732987459449824,0.08594651244498062,0.050667573485743064,-0.1258557844158536,-0.002126506100152404,0.07432603009058546
1988-09-01,-0.03302719986873684,0.027414166985001473,-0.007127608615449598,-0.16856124279231624,-0.045642847893896,0.0037729398412909877
1988-10-01,0.02796047726245203,0.0948764435877859,0.056915016368703525,-0.10382346316901434,0.002225570409390492,0.0718377862336117
1988-11-01,0.06748320361353087,0.1332659134178413,0.09675689681637278,-0.08315105062614313,0.035052716677603526,0.11128187565150667
1988-12-01,0.038562644160257745,0.09803882923691579,0.07145363635357498,-0.1045494238392645,0.004856721301546906,0.06251726492143173
1989-01-01,0.06238948708588981,0.11833800847759779,0.09296817449700838,-0.07644201811569713,0.021387441657245636,0.07618340962151016
1989-02-01,0.14930952954432197,0.23230165286660026,0.1912630193103543,-0.05069357323187923,0.10762727286461525,0.20602928190608427
1989-03-01,0.13341399638401408,0.21870325069308758,0.1769951768925826,-0.08868531622669644,0.09048428989091573,0.19819007305415762
1989-04-01,0.17487315076579843,0.2661999943991123,0.22102847441831408,-0.07209302753353508,0.12909808819902957,0.2449185035363939
1989-05-01,0.19226890380059186,0.2911604784683792,0.23781841712563345,-0.06429565650494735,0.1585279107292672,0.2733811986142567
1989-06-01,0.20508707461381293,0.3027581375291126,0.2569826119245777,-0.09557702592992595,0.1812439332154454,0.27838867862447564
1989-07-01,0.22141518767748225,0.3185686397575665,0.2736676996701404,-0.05550047125251788,0.22531524924073593,0.30157611440233834
1989-08-01,0.28023464738177056,0.38046996372926534,0.32243930975540375,0.03553299812030151,0.2725598540870344,0.3946528213490323
1989-09-01,0.34118716522337067,0.4653181528321309,0.39066151603707716,0.0909321709302443,0.3381898190619027,0.5085142099272772
1989-10-01,0.3132431013015945,0.41823011997971227,0.36267272646822313,0.08059645003332372,0.3028032405427494,0.4300492921278271
1989-11-01,0.2179290320690788,0.3179450649253293,0.25896294688013166,0.01758181630107458,0.2170810244476566,0.3431692844695555
1989-12-01,0.27221833344892843,0.37581501821574254,0.3157844604109435,0.06881061073417273,0.28480449519273915,0.4032533331826099
1990-01-01,0.3310425905096498,0.4295889366419901,0.3816459393866405,0.12049244915942453,0.3429534875291762,0.4388928589859876
1990-02-01,0.3102445296621848,0.39856892852004777,0.361111348892537,0.08921099173940787,0.3188855894779222,0.395392467529599
1990-03-01,0.26588305771204623,0.3568876123956125,0.32635417819267776,-0.0011874628586594075,0.28046935516853916,0.35117713910703807
1990-04-01,0.2961695259048256,0.38996134097358615,0.36077650560788366,0.029820798477059967,0.32176228255338657,0.38104564348323683
1990-05-01,0.2656546557760698,0.357151161045444,0.32020989063666444,0.013410053496031894,0.2912007087857925,0.3504426112798675
1990-06-01,0.35774339872267724,0.46232975940578036,0.4132901231994688,0.09809601679135553,0.3724810276419573,0.4746250964115624
1990-07-01,0.3785166234990211,0.4844011023686948,0.4365216754741195,0.125479080837215,0.38680782983795603,0.5016778283884926
1990-08-01,0.34807357705034864,0.45275811774202307,0.39586896083350914,0.1215806016285911,0.3568990790624355,0.45878189790100027
1990-09-01,0.17439870193704313,0.275822319591925,0.21965434888354604,-0.02049755057312559,0.20202247741342863,0.28813734489896276
1990-10-01,0.05784106347652749,0.16685078319201296,0.09787963331096096,-0.11805710545322622,0.10750182817286759,0.2104028495797921
1990-11-01,0.06559694686984172,0.17767369443192033,0.10206957565751072,-0.10536259940399034,0.12625958449182337,0.22329657509506917
1990-12-01,0.09582874839353976,0.21858541150689398,0.1355452731047447,-0.08913251820754098,0.1690576690177772,0.2632593480377849
1991-01-01,0.06909887791074826,0.2007134030517971,0.1099448686535531,-0.1305691170996019,0.14216530642524208,0.25953964499437504
1991-02-01,0.0938105917553265,0.22896344001061347,0.1315079052750921,-0.0874097536859089,0.1694104927491638,0.2816568371174971
1991-03-01,0.21319451493758942,0.35780785384843966,0.25482707825056194,-0.0004585761695076186,0.27141317883794025,0.40806853830052536
1991-04-01,0.27709358546948726,0.4512493958467216,0.3265684322631579,0.021845625481316144,0.34284070922574067,0.5371985789302123
1991-05-01,0.27168594102696286,0.44851728944321717,0.32484539987125627,0.018218775251147793,0.3395587451586117,0.5298807950343598
1991-06-01,0.31341740776398785,0.5072990161516582,0.3672730318465404,0.05330871103181726,0.40067799541941146,0.6110413127294023
1991-07-01,0.25677061666261414,0.4609719266818714,0.310413941533521,-0.013424963018283217,0.35163313920212524,0.5865441771591047
1991-08-01,0.28324692373425286,0.4983009840528916,0.3389099787824525,-0.01814015026525631,0.38157273734777475,0.6351264510296314
1991-09-01,0.31838523590008744,0.5498777628946637,0.3784766230773219,-0.03636528236775942,0.4295091926926803,0.7127252620322666
1991-10-01,0.2996913737581581,0.5310946976323498,0.36759448414996676,-0.06274997934744195,0.4198700449545111,0.6923576815962645
1991-11-01,0.2635827336889763,0.5227755388886747,0.31999466598135873,-0.10200903704871406,0.4029110087618052,0.7524060087287839
1991-12-01,0.19902905515888325,0.4547880413589672,0.24752962314227783,-0.109533056171479,0.3527901399376306,0.7000379802301541
1992-01-01,0.2218587019332835,0.5066764682980539,0.25871853180039267,-0.09330217641950979,0.4026739271441459,0.8118601948360585
1992-02-01,0.29716777933282973,0.5861373142617217,0.3317124088634606,-0.021764608845280357,0.46917647234015547,0.8904264486522153
1992-03-01,0.3158989828795137,0.5874289197306958,0.35584304746819473,-0.018319340807265477,0.4808623160290256,0.8704042057042953
1992-04-01,0.2640853324529231,0.5354697836887914,0.3001896752779545,-0.07734635840136594,0.43081939900598926,0.815621809176887
1992-05-01,0.338692151463082,0.6006788212699088,0.39175312809550045,-0.04234880049644098,0.5044445635826865,0.8571615473175359
1992-06-01,0.3639186513420805,0.6421546547740797,0.4198891500733925,-0.023035844071399553,0.5518242748854651,0.9222652458405141
1992-07-01,0.25770984050687107,0.5079210461842699,0.3108461966628441,-0.08550727660675815,0.4475153434346928,0.7529911510204007
1992-08-01,0.19541027198964975,0.4664228461733207,0.24711065503000434,-0.16964820742117445,0.39498759171714737,0.754427316832193
1992-09-01,0.1380396014128097,0.4097836701197056,0.18679362042013684,-0.22921763841125456,0.35191708638644903,0.7068173861122923
1992-10-01,0.1397586605208918,0.42284415580174334,0.16402586102211697,-0.18778142781920276,0.33212019348593247,0.7575337043853226
1992-11-01,0.15589677543273717,0.4383501502684524,0.17189783307810413,-0.11433671316457922,0.34673896155184497,0.7802725260832003
1992-12-01,0.2075044118743035,0.4961555032778845,0.23631488796442035,-0.08876815455071278,0.3948341409461038,0.839208636710012
1993-01-01,0.24258477622674351,0.5332394017207612,0.27179924552870083,-0.0665543727367668,0.4321666413511082,0.874827446936492
1993-02-01,0.2595383436651166,0.5110983194191923,0.2901393689130345,-0.004898456056430847,0.4226479103959105,0.7990572506959499
1993-03-01,0.3186439540407745,0.5485460592261254,0.3495718855336708,0.07570730597681122,0.4687253912557208,0.803109655156072
1993-04-01,0.3225374802609029,0.5416996841910308,0.36137487115226674,0.048233936644582566,0.4787422853216399,0.7722616881127142
1993-05-01,0.3285350572172782,0.5608923602118812,0.3587106870637917,0.07017620861704513,0.4769690349564395,0.8153806101848243
1993-06-01,0.3516604967868906,0.6104334165839771,0.3840527747836945,0.0746195531329882,0.5008605151307645,0.9012118910345526
1993-07-01,0.4078595172089249,0.6517535068677853,0.45184133402203985,0.12385322221769131,0.5457725772903128,0.9200349148124374
1993-08-01,0.5047929895075007,0.7504161670990439,0.5567061761186642,0.20364135016387666,0.635406930688315,0.9948578354340886
1993-09-01,0.5581024351501295,0.8179416756971871,0.6141136069203688,0.2421772202857326,0.7016902335091106,1.0964286646296872
1993-10-01,0.5384578796306733,0.8039527437896682,0.586106732339819,0.22957488766727574,0.6867331754710283,1.0985619559618836
1993-11-01,0.6266023787224343,0.9145942670496775,0.6799188733912868,0.30056969953129997,0.7862366854164295,1.2350052646921839
1993-12-01,0.6368701099586266,0.9367663937127152,0.6884600791135476,0.28388557267637565,0.8085303149574741,1.2717273051374456
1994-01-01,0.7551931520219626,1.0805765728024017,0.8167863280820561,0.3255931778694678,0.9553082175007787,1.4439111304884975
1994-02-01,0.8395425918022756,1.1754471973381173,0.9246598377337856,0.3308506330736832,1.054060094897679,1.5337583008304918
1994-03-01,0.7392133445609712,1.0688419854631952,0.8258799526345283,0.20563380844318627,0.9498464134199675,1.4143073048216181
1994-04-01,0.6975975547121779,1.0130759195042047,0.7895918226696133,0.18886002493483667,0.9070032997988123,1.3319052029540521
1994-05-01,0.7300697095194306,1.0278156637262008,0.8274121695188148,0.21932318172546664,0.9067613113695101,1.3219467534540417
1994-06-01,0.626846582208586,0.9269903265616555,0.7176382039034208,0.14769460775189402,0.8104112674396472,1.2254895828175711
1994-07-01,0.57036220360947,0.8728818399736048,0.658517691133184,0.0997301276249842,0.7516511611869886,1.1658637731448822
1994-08-01,0.6489996605252429,0.9280086615784285,0.7526448763288207,0.14977887614089982,0.8159609479125818,1.1790989717077525
1994-09-01,0.6839135448445344,1.0045385389372041,0.7952690289934543,0.1428876438070226,0.867431639992656,1.3027686100830183
1994-10-01,0.5814447066893061,0.8868862229197519,0.6837402907749804,0.08531229111074552,0.7420812270570734,1.1732644490723902
1994-11-01,0.6123043129604371,0.9209742613212527,0.7122649001906847,0.10480717213076975,0.7844927260730865,1.220779229920562
1994-12-01,0.6090254980874756,0.9240230634540358,0.6967828801508562,0.12140054934303282,0.7993053993645859,1.2496267199293494
1995-01-01,0.6050605595621983,0.9419916566073652,0.6909920794389888,0.11369309791273365,0.8012207100771755,1.2925135718290597
1995-02-01,0.5876592108897591,0.9431863120121099,0.6766667202615125,0.0760646243221826,0.7792574580166255,1.3098173388441219
1995-03-01,0.5771253384064213,0.9473908453902212,0.6505365814314439,0.09465222749579351,0.7842114605768638,1.3482260492399112
1995-04-01,0.5420174269669588,0.9256007595433726,0.6000540491590799,0.06491349169389844,0.7507861479022052,1.3698246410847665
1995-05-01,0.606137773780188,0.9993033842958613,0.6698736590532945,0.13237199587359205,0.8322030183495092,1.4502178591196029
1995-06-01,0.6692078426769477,1.0679169835981015,0.7298711016801087,0.18949420050589064,0.9008872710895678,1.5327986755571035
1995-07-01,0.6566020181763192,1.07762880323239,0.7112716608662737,0.1682775103963711,0.8810483887918457,1.5904977715567927
1995-08-01,0.7201349195791701,1.1536255410746445,0.7853830158663831,0.2059952240821241,0.9554684751774887,1.6612409236374905
1995-09-01,0.7538433708435212,1.2093412052862833,0.8185848760073492,0.2181462353883605,1.0080131304312083,1.7790824660468
1995-10-01,0.7649321640644123,1.2447644559002486,0.8184397568066839,0.23637076537792417,1.0260000523888773,1.8640301991561028
1995-11-01,0.7473824251395614,1.2612013720336568,0.7698519499854409,0.2700106832644633,1.0238049397049136,1.9509506424287393
1995-12-01,0.7941655550184153,1.3226030000947337,0.8033167463443235,0.3382868987124891,1.0783276635113237,2.0570721337996916
1996-01-01,0.8179624815630891,1.3751021206266074,0.8218226941501549,0.37446520561038094,1.1448955572395099,2.1450365423956335
1996-02-01,0.9034926231541527,1.4649873624002967,0.9167827500000431,0.39014957142976076,1.2113584048597001,2.234669009368106
1996-03-01,0.9359399394627822,1.5182511055583274,0.9518096808608141,0.3736467647475582,1.2571929999618752,2.3231089031998797
1996-04-01,0.9660087912765174,1.607322125954012,0.9749934046683539,0.33737812911549614,1.315991539208645,2.5110238352720655
1996-05-01,1.0108178010750686,1.6392811680175892,1.042819824126176,0.3440871943162422,1.375947717604738,2.510987252774017
1996-06-01,0.9915991163843091,1.6020884650078469,1.0182347795414661,0.31307767557886906,1.3263575235290836,2.4644426376200106
1996-07-01,1.0020469421831686,1.6403200686773565,1.0170162312490467,0.31761119246446406,1.3551251598958678,2.5472478284254807
1996-08-01,0.9174253183718085,1.5199522779354075,0.9202425805891157,0.3171588201295822,1.2527920704902331,2.374017049752403
1996-09-01,0.978204031343739,1.6165345737999486,0.9747282324354465,0.3171581532911116,1.3119213947200659,2.538215646703696
1996-10-01,1.0611916438456959,1.728215159068088,1.0523956785650879,0.37799722501889604,1.4040490730811468,2.6909176767649625
1996-11-01,1.0744268983197973,1.7389567706120506,1.0664015375687435,0.3912358959218429,1.4310920262676492,2.7075681624884886
1996-12-01,1.188369200507615,1.873240952446439,1.1944112011632224,0.4666737032792226,1.5856873754479388,2.835849465702776
1997-01-01,1.2231874940350047,1.9109067993374154,1.2363808825851215,0.4802745500057554,1.6412860670403637,2.872136532569238
1997-02-01,1.3741513551398796,2.1228697505418115,1.3756886597594715,0.5917100679543398,1.8079117677596857,3.2014487193323213
1997-03-01,1.4595102239480635,2.225247574948723,1.457176084421222,0.679659477057547,1.8826667633902254,3.3251285889957667
1997-04-01,1.4315947012743155,2.199162282250277,1.4430944415656688,0.6466558821369797,1.8363320805649894,3.3004930278817572
1997-05-01,1.5644900093704222,2.395797791078796,1.5680812642250757,0.736965342138117,2.0224312802052027,3.6031023095897616
1997-06-01,1.6369265734072638,2.5077148275059087,1.6300442813364848,0.8038791576615011,2.1135925074648267,3.775518356401261
1997-07-01,1.8067882326978093,2.778643592664404,1.8018347350975792,0.8777760207957064,2.3573984242350496,4.152320022216321
1997-08-01,2.009787868455513,3.0152836547370887,1.9561782083618948,1.1459791173296558,2.519885810214782,4.4789216483397505
1997-09-01,1.8263973532985964,2.7292929439966334,1.798859143656089,1.0079781574474052,2.326541387359366,4.018293587922413
1997-10-01,2.0231826535361326,2.96832471951367,1.9723162863358108,1.1574929821603106,2.5153117884740297,4.33695731233747
1997-11-01,1.8107571543777343,2.709547169662517,1.7399148928622232,1.0680057271186425,2.2789246393671534,4.060388875394556
1997-12-01,1.9209831028834508,2.878393783991048,1.8535121259095493,1.1869689413611046,2.4663715384243563,4.334787189610216
1998-01-01,2.0041928246951537,3.003269058646569,1.8900797337750284,1.383817010427916,2.579409000629032,4.539239809753679
1998-02-01,2.266741023095388,3.5005167695833572,2.1179212280539246,1.7050673542121668,2.9733563170013038,5.387922473429988
1998-03-01,2.4538779552366865,3.6004551070109456,2.298435991239854,1.974811294678219,3.036050273110909,5.417752242346044
1998-04-01,2.6970613210272685,3.820795030088013,2.576201729929392,2.1294940651859733,3.280139107143096,5.570466491207956
1998-05-01,2.6581704177375425,3.6827170480229103,2.5558335609165708,2.0936771550194706,3.183483788615136,5.246982915930501
1998-06-01,2.7336337739304057,3.7216818810073047,2.641960351742974,2.1104492815488056,3.2492002651743093,5.224356740309205
1998-07-01,2.844841902517537,3.877697039127901,2.7692554491871824,2.2381194213567395,3.39805354156778,5.467632836535632
1998-08-01,2.7945438641119784,3.7646928519391905,2.698523016300924,2.392355672689348,3.272446353805269,5.345934065675157
1998-09-01,2.2972565044020716,3.276433508954224,2.2700249266477055,1.8494235953914093,2.8674386196777526,4.822864943512938
1998-10-01,1.9178901187896322,2.9017223466320434,1.9435107311452762,1.435874674196164,2.6270088691156164,4.413543272215598
1998-11-01,2.3342112525822767,3.410409267103348,2.295421990969845,1.9157039840382533,3.0278340347977606,5.083297469591104
1998-12-01,2.3833603715109297,3.456955502427435,2.336710874734099,2.0318555587529126,3.0578602311255683,5.176974483383887
1999-01-01,2.631072330925182,3.7907102543086975,2.585544447874894,2.3444917692468232,3.3513325575921695,5.682741583214683
1999-02-01,2.911976487242251,4.129916144118387,2.9393761052961977,2.4485850570470027,3.575901667808018,6.2032936797598595
1999-03-01,2.8102902845402173,3.978923405678079,2.860468947601756,2.1049397612897667,3.3688266381948524,5.947158076197004
1999-04-01,2.8993810607697514,4.1238002919541445,2.8753791666182202,2.180101892995525,3.4456184399707097,6.189838309407309
1999-05-01,3.0357245011166634,4.1151823250049,3.0252609316852994,2.2762035680138193,3.393940873414212,5.8924168955792675
1999-06-01,2.8904034308482074,3.9717083276101786,2.9173242945647115,1.9801659274230554,3.265383149911506,5.72832629381935
1999-07-01,3.0964547439578163,4.201958096566682,3.144205274872646,2.107917741854192,3.4642469742655093,5.956077432454704
1999-08-01,2.9198616611564403,3.9550306866103115,2.9900782257315286,1.8736188951826558,3.2054990382748088,5.520668282333371
1999-09-01,3.0198337973824585,4.087241330309651,3.0807625894980086,2.020051300616081,3.338530555700432,5.683891992181579
1999-10-01,2.9196292122597503,3.9640737509800816,2.9643450428070985,2.0592224785515354,3.199453494460273,5.539168566816712
1999-11-01,3.161960136158461,4.30133663296164,3.222120411437393,2.2121879984939037,3.3844356178423802,6.0808832074472186
1999-12-01,3.6273813642673476,4.865001696118961,3.7607400063708125,2.2919761813951487,3.651121688477301,6.862146833788524
2000-01-01,4.126207641572701,5.168447905187189,4.388532105196222,2.5111220306020083,3.7043594807595452,6.99330532471601
2000-02-01,4.084458291289921,5.044743130731764,4.442603860355283,2.293160103254906,3.527990910830024,6.989476267916896
2000-03-01,4.544784510152311,5.4211307801639075,4.949442846352912,2.302327540022836,3.813436711666389,7.6367279971966875
2000-04-01,4.360940660953535,5.455872128462583,4.6203323675089,2.7632035864049187,3.936203135319493,7.737206262307962
2000-05-01,4.398996393756505,5.531755150821896,4.572396464335494,2.752776592467053,4.009461946949968,7.9552806483749965
2000-06-01,4.2144483980880825,5.353671583295288,4.346412163476977,2.766650867616906,3.9780611727279434,7.678687407340994
2000-07-01,4.144068601457084,5.372052445556979,4.180658682358024,2.833292263770332,3.9362324038951413,7.86991794756296
2000-08-01,4.158813664258697,5.404851918594895,4.122181191200701,2.9427295338526127,4.002154183396772,7.958491751591997
2000-09-01,4.393780752952692,5.652154529114203,4.335473035814435,2.9428196558691146,4.1366979980464835,8.344992881868045
2000-10-01,4.042607286172893,5.454033773327438,3.896992753782204,2.904740181677707,4.1593416057708765,8.229253742479536
2000-11-01,4.186387683454868,5.579721441558842,4.078081780638115,3.078824464797688,4.238561615042291,8.248972102840192
2000-12-01,3.8776079388677482,5.341444817859026,3.6848098961070987,3.215827907180957,4.15187389292885,7.982564703199866
2001-01-01,3.8073003464153805,5.220035342936096,3.5779410575581494,3.203310159721869,4.0687753434813985,7.714877634044251
2001-02-01,3.779008990269586,5.053862787162157,3.6119623818426163,2.9819811576160977,3.8802477842371346,7.342544053372701
2001-03-01,3.398533036118406,4.801699076078894,3.198379105275233,2.7018953679459936,3.8465998100630197,7.10666570806421
2001-04-01,3.2038721809626525,4.599073552614339,3.048539574942674,2.3850964325959283,3.6911264312408445,6.843095237140547
2001-05-01,3.5023331463475764,4.8505230777917845,3.371375141548044,2.498975798390448,3.8019307873707904,7.1167130252842625
2001-06-01,3.4673129878633926,4.974912531345477,3.2829588245321824,2.447508322909498,4.012136408434813,7.399525522627291
2001-07-01,3.3513836864701543,4.8880588913263034,3.150067546304214,2.6124426389397195,3.980281588597892,7.319168009069416
2001-08-01,3.140399601986708,4.6515215837687744,2.9494665220787035,2.474987765239817,3.8697814816382663,7.020064260774528
2001-09-01,2.7929349202927334,4.194206241744477,2.591710593484716,2.2259954180744796,3.5515174082689924,6.294042573157967
2001-10-01,2.36987198842501,3.873281213658221,2.2203046833345557,1.640876401098928,3.239943991737172,6.022716634207089
2001-11-01,2.6253018827357324,4.104765752622835,2.476378095639503,1.8414829351665611,3.372093593891787,6.289451174048161
2001-12-01,2.774011801224824,4.1500590400189035,2.6556829573260856,1.8821968478537117,3.3220060817741937,6.170352507142717
2002-01-01,2.8863629011091327,4.285481682846699,2.761097773232639,1.9225816960975373,3.4287813486476293,6.367312164849738
2002-02-01,2.7887281166813165,4.177402158056257,2.6696653140708406,1.6882657355366846,3.411385929776639,6.122869201604599
2002-03-01,2.7949959707840026,4.275184067769128,2.668545293274777,1.6350304106187892,3.4958986567421673,6.325409945200629
2002-04-01,2.889550858717137,4.314843554517632,2.7302788598294505,1.7932683308160122,3.5433344910690017,6.340063103160017
2002-05-01,2.6926522159182302,4.080849376610904,2.493800025593631,1.7027345451171203,3.451260140883349,5.991524168668665
2002-06-01,2.507035910558465,3.778921157935354,2.350105284200334,1.471864676123938,3.222376777066897,5.440969088205342
2002-07-01,2.2085142656129833,3.4310489789530108,2.0667237429538257,1.1982208634980198,2.9639657149945062,4.959431307215491
2002-08-01,1.7404270156678507,2.8603882101399463,1.6482401153859332,0.6651917504682354,2.4390848711569295,4.27968798961538
2002-09-01,1.7721640117060327,2.842097653160092,1.707467237120576,0.6541931394138076,2.4801793143926862,4.134038054592197
2002-10-01,1.464145784801523,2.6028315593387497,1.422355066785118,0.25520856634222006,2.2429623652228807,4.0089202402636195
2002-11-01,1.619607066301429,2.720750366384052,1.568077964721498,0.5061767547431641,2.267246912556235,4.121492981565246
2002-12-01,1.8277434069057474,2.8958189250790825,1.7808470330121313,0.7158857873831193,2.325271300726583,4.236084156026277
2003-01-01,1.517422766585972,2.54693815499076,1.493356020367536,0.4251608355756875,2.081065277464288,3.7932444544869273
2003-02-01,1.423329211964369,2.420185094636142,1.425778367702816,0.32551725486875754,2.008841726537351,3.6468731460923505
2003-03-01,1.278432546299326,2.218660992472929,1.2879998057991333,0.20696495798278916,1.8060436792340377,3.356242254785726
2003-04-01,1.2264711496158773,2.184317201646767,1.2335405636080328,0.049425337862776066,1.7744242216002397,3.344677443932987
2003-05-01,1.4636984642072925,2.4756418897563197,1.4286546997379839,0.30483607922077316,2.0212647281720932,3.736013375215284
2003-06-01,1.5163936561850249,2.5240503878851692,1.4861750118575614,0.33912859477677937,2.05712701014138,3.8043268238796393
2003-07-01,1.488477456477045,2.470903540510618,1.4598991664316407,0.2896854284307688,2.042305579590545,3.7134912746614988
2003-08-01,1.643669993739528,2.614562184467946,1.5974224153592702,0.5106351353286989,2.1152389126944886,3.7996187162644337
2003-09-01,1.7576784382519202,2.761772759541173,1.7364834556176674,0.5326014693297367,2.245003416352632,3.9775205291746127
2003-10-01,1.639019315199652,2.6522589168718884,1.6032430046972777,0.4184053019341068,2.1416015865646876,3.913603718430545
2003-11-01,1.855365415719108,2.8991774881439683,1.8147327677600873,0.5898594517034427,2.3006564755507206,4.204467515794991
2003-12-01,1.8975933304577517,2.9709384106458607,1.8661810625696937,0.5485962172818378,2.3575767580631126,4.296307326905599
2004-01-01,1.9164731533422685,2.998648493379597,1.8974322148677252,0.5736859686392287,2.4344550778012435,4.3058005102537775
2004-02-01,2.03087222402919,3.1190381385029755,1.9990044211382763,0.6724268656435508,2.509064751601823,4.486499715872566
2004-03-01,2.129795845288415,3.219356350821256,2.137093694962716,0.6954729923691519,2.6232109733882565,4.53541104064818
2004-04-01,2.045741027728753,3.121044565725437,2.0483460752094373,0.6044499687015891,2.5715128733279093,4.424829859781028
2004-05-01,2.044181547582522,3.1951699612670037,2.0233304522769453,0.5932459937809454,2.6610393420563767,4.631524139795502
2004-06-01,1.983547905952174,3.1380406774629708,1.9682818589652205,0.5304647902849048,2.6266617139986703,4.554293467816501
2004-07-01,2.0364585785118763,3.1550171239528306,2.024896530603971,0.6112694582914872,2.6671174482831104,4.513790813660645
2004-08-01,1.9967173605356172,3.14688242972832,2.014564790426268,0.5269716287368026,2.6779782711143394,4.481638654974567
2004-09-01,1.9957455356521026,3.15858711855779,2.0127919034104904,0.5112134853929635,2.6880333466786794,4.4871683869753936
2004-10-01,2.1013370306273824,3.266141023011081,2.1338854571601504,0.5546060013861859,2.756642621322024,4.55247336319946
2004-11-01,2.0911304472069205,3.2051076698087617,2.122321724683358,0.5557509274525575,2.760895349506823,4.431929203599141
2004-12-01,2.1711567712135977,3.2486047607285635,2.218875939847916,0.6311581317339404,2.7424682303021046,4.37359669553625
2005-01-01,2.2204383860925003,3.323029052032405,2.2486397228482793,0.7122745124641824,2.8474610287555726,4.494844127412107
2005-02-01,2.2919184283546477,3.381952673703579,2.3426553583806853,0.7281301072803186,2.928868399197374,4.491073884058965
2005-03-01,2.389244537143489,3.5285360638219094,2.4335374922774884,0.8195498696221983,3.015743722446042,4.669173812110191
2005-04-01,2.340438401939166,3.461245705068902,2.379716306170168,0.8007913876582917,2.986473919616846,4.600333868531024
2005-05-01,2.274584148414216,3.4998256494871254,2.2861612569533714,0.6894981674999638,3.0439951745727645,4.8336046842804805
2005-06-01,2.4634291136516326,3.7714728506525472,2.4763316853885167,0.7713173485128195,3.2897977758920818,5.185925729219805
2005-07-01,2.525470995146736,3.794598262968978,2.5508300307670146,0.8155547958918439,3.3308682246606622,5.139263906367146
2005-08-01,2.6290805799250303,3.9324817521151294,2.6581070713556625,0.9119263535385455,3.412000743979636,5.295415066865775
2005-09-01,2.646361818554531,3.9612771398780846,2.712678919196398,0.8550736039835386,3.460561079090361,5.274580943127768
2005-10-01,2.833995966705698,4.228018229373519,2.9061764601092297,0.9436634432265775,3.6860889909634085,5.591224668066944
2005-11-01,2.7244584667162637,4.129981962908126,2.765734864993884,0.9574748366063016,3.544906141630559,5.552796450267904
2005-12-01,2.8984727723610253,4.324262505877441,2.9129732643218427,1.1570366904427858,3.7507242295723042,5.7205289456612585
2006-01-01,3.0117213185580782,4.456826509503777,3.0301395349112394,1.2278470933740009,3.8850640308014897,5.827057559026479
2006-02-01,3.1980729650661113,4.654864817391594,3.255598756573695,1.2697652979269773,4.115150198949189,5.909669761801567
2006-03-01,3.2632223987509894,4.674388655566992,3.2990418814597353,1.3807030278702943,4.221079551153767,5.869452591750992
2006-04-01,3.39647102887792,4.865322593439245,3.472279651840415,1.4343297499962575,4.296171829423588,6.087279081529556
2006-05-01,3.3991687000943394,4.895652415695224,3.490317002035103,1.3706857710603262,4.3093214382762115,6.1062733104357445
2006-06-01,3.185399458744503,4.645462116994994,3.280174332956299,1.2075741395079813,4.114185504335627,5.859289281118526
2006-07-01,3.2174047471367024,4.743076401786326,3.307070676423889,1.221716919444276,4.17330861217389,6.010823581757033
2006-08-01,3.2089808526875987,4.7623188209715295,3.314249416272777,1.2108920087041697,4.246353106387573,6.024348624919773
2006-09-01,3.3910156494390002,4.964291072162675,3.482526334581852,1.3808171875162483,4.460762046959769,6.24001261705805
2006-10-01,3.45248955468304,4.988953319738181,3.535267666786513,1.4325201853684144,4.565135806382043,6.208517911670283
2006-11-01,3.6508646787360033,5.174619464716404,3.818868045454242,1.5188399336255702,4.672389175097551,6.2446498731114835
2006-12-01,3.5675055897260664,5.0169951944302245,3.747625889508323,1.457612344972952,4.640918362278846,5.968224868956603
2007-01-01,3.7727029319274803,5.2249816840040495,3.962795466158184,1.5963172131786703,4.862786815438857,6.1029401644980315
2007-02-01,3.953941523396435,5.4684204653615325,4.132824921781,1.6489126435524055,5.052362406683156,6.398174904117903
2007-03-01,3.7616160938169303,5.212313246548163,3.9595567142220505,1.5655139565154803,4.811426897329626,6.0895423468814025
2007-04-01,3.954421301880377,5.391742455740133,4.217210443966709,1.6014130499526562,5.072044487689219,6.093333863645619
2007-05-01,4.095689147439679,5.567002324610038,4.3331952952794275,1.7037700536411793,5.251559748947842,6.296442319337231
2007-06-01,4.353228933679342,5.810898585164996,4.7393630471196255,1.7307337506508467,5.517727277715503,6.3031002407770655
2007-07-01,4.266264469764495,5.7025262397196945,4.690795004918897,1.6263828970260104,5.3741722721661,6.081932469933827
2007-08-01,4.022312090262458,5.429044362790237,4.414526101271892,1.44674158641385,5.1095259265695026,5.865798067487968
2007-09-01,4.076194157338001,5.483122424484222,4.515198491085306,1.4870094106612772,5.200035318059959,5.881196254282323
2007-10-01,4.203649020507904,5.630983977010292,4.8105499831437974,1.559118456049547,5.346294143749183,5.827498317798424
2007-11-01,4.1921043184634685,5.5500617599202595,4.849972849731075,1.5147756038529094,5.423537982702204,5.6497073596320595
2007-12-01,4.0599844631909034,5.517987915367961,4.722411328106525,1.2725884222555977,5.41838873557813,5.719753518057304
2008-01-01,3.9876741367981614,5.393857968105566,4.627563409900197,1.2867321459986087,5.3584696063346815,5.488345352493825
2008-02-01,3.5706909320834805,4.922590242194317,4.20828420918079,1.0345692023431214,4.7630957505441165,5.006994255934423
2008-03-01,3.4016235556282313,4.724491145286903,4.062347581150286,0.9437290908652517,4.539885285795876,4.719161428995457
2008-04-01,3.364820628279334,4.629783848602372,3.916351390732064,1.114295709258585,4.511275121557042,4.643439074210054
2008-05-01,3.4859132436811424,4.77177786978112,4.129924611614101,1.0792940772404966,4.612399547811975,4.578955421515886
2008-06-01,3.503033657013665,4.863283251878139,4.226913599575152,0.9785067806836358,4.714488313447086,4.626768416865684
2008-07-01,3.0654551152983553,4.460819349811829,3.7750819626676906,0.6777121591058646,4.292390577865799,4.359810028458779
2008-08-01,2.979639589116931,4.38196362863322,3.546673650040949,0.70708477904566,4.262648405043899,4.5964912746285345
2008-09-01,3.053399656463939,4.490057931576983,3.5895395192380644,0.777802344660311,4.392182221392599,4.823511451568677
2008-10-01,2.531903984587541,3.8839028283747408,2.8857588900777147,0.6566137584294345,3.932229835257097,4.567148350954666
2008-11-01,2.105804311046229,3.5188675122959188,2.452559587942238,0.2096037333788249,3.5973653749663193,4.551953813853481
2008-12-01,1.6783288777630823,2.924891562557384,1.9497875941174332,0.12584157359743897,2.9395291351029633,3.9287822544727824
2009-01-01,1.7842479611641338,3.051111443880156,2.0658928531742977,0.22112626393898982,3.1530473042382012,4.0010721765155
2009-02-01,1.611000251459093,2.8970384794325605,1.8852510368885274,0.04485337911581009,2.935370426525452,3.929778111055388
2009-03-01,1.2946176145946873,2.4229280453876485,1.563873988061484,-0.1955969834471842,2.396993083643569,3.287237047378567
2009-04-01,1.5112072223851554,2.6740721434959918,1.8057644377073385,-0.076652192651555,2.570381910965935,3.5010335341769365
2009-05-01,1.7955817494853072,2.9179443848263915,2.106186716411542,0.10980347625419727,2.8457720827327857,3.555480867630568
2009-06-01,1.9761365869487577,3.1469722772290427,2.3409405579611167,0.17226646640343818,3.0430735641597146,3.6772295910715105
2009-07-01,1.889966533221001,3.0886498422050632,2.2285798028046155,0.13496096033865077,2.9651376165864947,3.7539444090556566
2009-08-01,2.1778503515153576,3.4519176575060384,2.5422293595975085,0.2478454661581635,3.2300437632842214,4.082037959769434
2009-09-01,2.183548923208396,3.4596234029597768,2.480364992992937,0.32004274067047156,3.2643290157321068,4.151727798979111
2009-10-01,2.2782162872607943,3.5641588307709897,2.578638980169124,0.42516499591505696,3.3614446084864658,4.254322440736791
2009-11-01,2.258536396429414,3.5683317839378805,2.594461686852717,0.3229827980117252,3.2833117310695448,4.21986335141148
2009-12-01,2.435359555258034,3.8313213285256906,2.8232493707142376,0.3403088562963711,3.465106657564247,4.4001549416173855
2010-01-01,2.577571240537847,4.056537579940138,2.9994933684547296,0.3788851579136449,3.6911879482719048,4.652004466868997
2010-02-01,2.473238859353331,3.959895565724828,2.8548549211780285,0.34476009832477367,3.584704023011402,4.67857860850711
2010-03-01,2.485423625121222,4.02089122616639,2.860475577323002,0.35240959691089807,3.58839224735687,4.779330148981907
2010-04-01,2.7629509545387463,4.304038764386293,3.2172442322883787,0.4668234605984549,3.801873479418849,4.894138849581976
2010-05-01,2.6458276049376512,4.141803714512562,3.06538151638614,0.35599341904078113,3.709994038183825,4.784546349397715
2010-06-01,2.4435123118701694,3.9190137765690367,2.8416801387108515,0.29130332424868155,3.494996900618686,4.631588835548445
2010-07-01,2.333107408054038,3.8155788910383057,2.6689166803511855,0.2405145599667903,3.37429217522414,4.649135040986366
2010-08-01,2.639401757630795,4.0815568652358705,3.049645666681218,0.41741175806279396,3.6228296637658395,4.680324289486769
2010-09-01,2.5987125072883464,4.139188583212241,3.006368581427992,0.35395468698927957,3.6578069739199344,4.923485324184663
2010-10-01,2.6296176665530244,4.145907052523932,3.0589574534800317,0.35517313678339457,3.6521544614928674,4.837608275796894
2010-11-01,2.772376807945107,4.312647590529522,3.253690811048961,0.39888994724202614,3.849273970289431,4.921137319669856
2010-12-01,2.826069417007146,4.397112848500231,3.3401007471808226,0.33372515676364206,3.870585063740903,4.95615731584335
2011-01-01,2.99675512121357,4.608730332343488,3.5478078704670635,0.4156926162332661,4.044130022774936,5.110541990475388
2011-02-01,3.0402784091068167,4.599321923081391,3.570330902445088,0.5763576064085965,4.096570987629959,5.090886533393737
2011-03-01,3.05481616611461,4.640467720765442,3.575343932620583,0.59173426425895,4.099262578019563,5.160237781071457
2011-04-01,3.003886671996389,4.535397644384353,3.5300468920463564,0.5537602028075237,4.017021116856443,4.950610110871322
2011-05-01,3.083751880312142,4.699670942042013,3.574696640402571,0.5643776809416355,4.209159231309545,5.2060551885464035
2011-06-01,2.992031090253143,4.711066964358959,3.4298619037227884,0.4859417628646356,4.150876126084905,5.456578223404439
2011-07-01,2.9623281087296762,4.62620300639965,3.4224447258813377,0.49239725888981195,4.109345642095759,5.3021619630291745
2011-08-01,2.7670310766281436,4.497026570064512,3.208001108195039,0.3606950334618508,3.911471114571994,5.365256940728843
2011-09-01,2.414647561588199,4.073280819196697,2.7947875193812224,0.2082719299297096,3.495849208506226,5.0596481759080625
2011-10-01,2.1633865200063753,3.79720911937216,2.482447590239522,0.1174634529460829,3.345565301287823,4.947577853910036
2011-11-01,2.3152655557612833,3.9557121119058603,2.666956061768344,0.18007984037498048,3.4268567671362398,4.9952636572832985
2011-12-01,2.3732992844986236,4.06847274619186,2.738199983778961,0.20231911980692077,3.5305268798638125,5.142952599095481
2012-01-01,2.489300850069881,4.32215953314525,2.8233695564818815,0.22846755618730283,3.704802931720725,5.580720330871241
2012-02-01,2.688153643335933,4.487170263748535,3.07629228290549,0.3723213365723106,3.8225090391277505,5.540440305076828
2012-03-01,2.7632959347029895,4.5555739352440545,3.121088414637948,0.40766365037384467,3.9246592697935694,5.575372679658932
2012-04-01,2.7569391351818706,4.597206229829299,3.070807329435144,0.4099253345236149,3.9791170673795047,5.755850463218579
2012-05-01,2.6510723107495644,4.513930480610345,2.9805862355418733,0.31631581071289655,3.8639466328585765,5.712781559119933
2012-06-01,2.3037075634716784,4.100070126310198,2.553703958904084,0.14778250977771862,3.5150057045326752,5.420160978056067
2012-07-01,2.5644992794713697,4.492879101753889,2.815579718366609,0.3172617658230911,3.869563730617985,5.92434676989738
2012-08-01,2.6741550060394386,4.716474096852765,2.9076728183989884,0.34121342689363415,4.011337801261206,6.310984208370264
2012-09-01,2.7345927604555067,4.752819569517485,2.959541541180837,0.42877384975911126,4.09321485599932,6.287389166886414
2012-10-01,2.8284802229992736,4.8834201339667525,3.035628591982235,0.4798893238336235,4.194241907355159,6.386090085451983
2012-11-01,2.8177031741460254,4.819929673318119,3.026629581090466,0.5247801325361603,4.162971079277529,6.278204431703908
2012-12-01,2.833642698768451,4.828814839639786,2.99096714802166,0.5635949835567391,4.133733901600636,6.31642041770207
2013-01-01,2.921670385100463,4.925853863799765,3.1027514218561327,0.6057617928289392,4.211316445096861,6.361658445355081
2013-02-01,3.0173877741057664,5.082331425689169,3.1602053463284783,0.6365627739871472,4.294493145292452,6.64376819582745
2013-03-01,3.016726108391271,5.136884610179543,3.1092623277150846,0.6180226690830929,4.353508597436119,6.846998053820894
2013-04-01,3.0713490849586322,5.305601898539335,3.1376358646568705,0.6525632811704775,4.5036808235126236,7.231587918536263
2013-05-01,3.105661949280504,5.387044584204219,3.1412313801712894,0.7210897082767966,4.634344711974296,7.43304955606119
2013-06-01,3.1365110652309967,5.3705101927784975,3.167976834738436,0.7513704256571573,4.637104838348572,7.335756355040857
2013-07-01,2.989240209297641,5.196237640511133,2.9857172984036198,0.7278668732875909,4.466453215024725,7.270286377080455
2013-08-01,3.1919595455289147,5.3906499404052015,3.226184752926964,0.8376281499069587,4.677328731057179,7.408575545120455
2013-09-01,3.2133913782365324,5.442400690393033,3.2775083103660645,0.7941038715785314,4.669234144242944,7.466041266567174
2013-10-01,3.3615628749641684,5.572077238855476,3.438454412978621,0.8550980699530334,4.849373798970399,7.568672388610538
2013-11-01,3.4746918963459947,5.727302684683027,3.566327598679377,0.9785459497953302,4.958711890176562,7.768626912316026
2013-12-01,3.5355259637771748,5.843261810766528,3.5932405969708183,1.0064995294787007,5.0727912574421845,7.976592859034705
2014-01-01,3.5959094302640366,5.907215210759482,3.6570860800994707,1.0692143124060705,5.114373235520828,8.024474761562244
2014-02-01,3.4962740683661266,5.838585440804422,3.5555625473102643,0.9703787708437728,5.053707966570869,8.058297431262647
2014-03-01,3.6676580363458537,6.09808136231048,3.741343880148772,1.0520533621781922,5.306172624029,8.392408242020917
2014-04-01,3.7456019258529123,6.146197924297259,3.8280129809357315,1.080007633466804,5.447211944492116,8.383136860818976
2014-05-01,3.7710796736650103,6.28137835400003,3.836001078944989,1.0745494379286449,5.4996858985441905,8.632775388697087
2014-06-01,3.8510863824482966,6.387407819916386,3.922299647975313,1.0986670693804912,5.653722570932067,8.753204417923499
2014-07-01,3.871011610444284,6.495678061741981,3.957154396189766,1.0908969582437813,5.73350012161499,8.960462867898153
2014-08-01,3.708626592292843,6.304675333631484,3.8078010622468335,1.0364502889254732,5.482599564387077,8.780649561124319
2014-09-01,3.8611328331962094,6.586973116863578,3.918584017378936,1.12472709146364,5.731235845976511,9.249475083821416
2014-10-01,3.8431619341109293,6.672272993862315,3.8472380325029834,1.1593421530215158,5.791710765215759,9.554515777140832
2014-11-01,3.759253373261253,6.462288559459576,3.7766077282602444,1.1524426897407243,5.618463447841444,9.186344317053338
2014-12-01,3.972599125112601,6.798213802856912,3.980691234860953,1.2554637808664888,5.929753380153154,9.693564827196742
2015-01-01,3.9187703739643287,6.662706479326255,3.9237807373690785,1.271738473232073,5.798511913377163,9.478687053204604
2015-02-01,4.300163467606326,7.289381348149538,4.295542782321919,1.4807403865008781,6.349460344003965,10.399134811227432
2015-03-01,4.6447496720755375,7.793476635016009,4.644869865896942,1.584333481559978,6.715537434131382,11.080336215694247
2015-04-01,4.771889614483113,8.045135904009758,4.681495186117825,1.731584726440843,6.927852027700287,11.564299179604763
2015-05-01,4.688242618953205,7.926568064212809,4.656795168556926,1.548828944721738,6.8059936678546595,11.392912234008245
2015-06-01,4.784868169657337,8.107260693616135,4.72079935438989,1.5572536811003572,6.976882500476951,11.701063242261249
2015-07-01,4.562980513158907,7.714644176392357,4.484875396915208,1.5096375927767154,6.599757235225852,11.151950135020206
2015-08-01,4.731133003072796,8.132510691256874,4.561439679714269,1.6182565635128232,6.910193990273998,11.954539952927808
2015-09-01,4.061843628747361,7.06437094317424,3.9026704995085026,1.335318557311083,6.013672322225603,10.46697811289533
2015-10-01,3.897253826783134,6.86048341791279,3.695172497236064,1.306998245759378,5.82759598002798,10.312117929490006
2015-11-01,4.339994680063166,7.4636483863369705,4.1763988136230745,1.5770008746860318,6.416417122418012,11.031079649586765
2015-12-01,4.426202157023755,7.560161689568988,4.232173843987937,1.6965430046516692,6.526943736211167,11.219133048528606
2016-01-01,4.202126344772352,7.282577587017968,3.9843410424512173,1.589132522604509,6.296594169841115,10.970114585771594
2016-02-01,3.8332663226919426,6.7382715578213075,3.6509017834653914,1.3246342385490792,5.829239362858705,10.232418509718213
2016-03-01,3.810958068950229,6.625147539104848,3.67590126950295,1.2436377392927478,5.67704123868351,9.8949948160227
2016-04-01,3.7580488126915856,6.458061003309886,3.643922128810815,1.1988606146810852,5.57794012087694,9.491248514274544
2016-05-01,3.879808872811637,6.689617958469946,3.7885263063641905,1.2503744497665545,5.781220520885909,9.755211819609318
2016-06-01,3.8974488830489236,6.826388636585932,3.7433518282042586,1.2839116602848113,5.873807321153396,10.223483070958363
2016-07-01,3.787706147183942,6.823884617760445,3.6826483101616905,1.0249340786903582,5.849831108059975,10.235300385314625
2016-08-01,3.9516982600091284,7.0416971435226525,3.8507803540785304,1.026389459964484,6.032141273823332,10.504992532072757
2016-09-01,3.9180077151593116,6.763545703599958,3.7809142401536677,1.1190954761226046,5.807038001941707,9.836062454875941
2016-10-01,3.9496329033388564,6.825032700505409,3.847560362717884,1.1164625181741308,5.82747825329092,9.883883449330225
2016-11-01,3.7942701559473293,6.43572714847163,3.7343846769602536,1.1613962391899166,5.5134025163393865,9.099652733532592
2016-12-01,3.866633909404286,6.526699934948616,3.7920143822953722,1.317830080700616,5.475572409886586,9.163100152840618
2017-01-01,4.186049847108283,7.0050405208010575,4.099354286262782,1.453545302047469,5.9381784419318295,9.855001122156562
2017-02-01,4.207554208153447,7.019720993841216,4.135087482918928,1.4300446103893982,5.873056144111225,9.773844933667135
2017-03-01,4.4071868312519875,7.396561030589317,4.320303328429436,1.4751178155618752,6.200727501359482,10.408664164636564
2017-04-01,4.44915002919764,7.43374675059986,4.337471157853036,1.4864081185174496,6.294350416889564,10.42829808114846
2017-05-01,4.519445690484902,7.53019244309038,4.35838955988204,1.5189026290566894,6.394365494119443,10.57501245292933
2017-06-01,4.596119977257457,7.719323402467111,4.429392698836995,1.5122607985705632,6.588028680768276,10.944291641577594
2017-07-01,4.461745999220277,7.477558874023664,4.287646570758076,1.5421711312911865,6.357609675693618,10.54388045145934
2017-08-01,4.393160159974141,7.264561946367019,4.271094921572049,1.6016681148717418,6.168654946315653,10.1026714674047
2017-09-01,4.382482377141939,7.2822677361764905,4.2990705550657715,1.515619582967953,6.234340628764965,10.081933623481248
2017-10-01,4.592561632912776,7.597110427304411,4.453819057649725,1.5887506102319622,6.52772715146421,10.531264729802393
2017-11-01,4.674465651747103,7.589069100042721,4.58269862640528,1.6780990298883272,6.579525618676261,10.287905068117444
2017-12-01,4.4761747132536,7.315601410695388,4.376593846482366,1.594089936915943,6.344730949946272,10.007280747446588
2018-01-01,4.555046005271229,7.412446286900859,4.489087015272066,1.614384610632457,6.347052604810675,10.065020689675148
2018-02-01,4.6054782735467725,7.378178439649746,4.541827399870646,1.70737217127078,6.3284436419291605,9.903249798861047
2018-03-01,4.353744122647175,7.007189119690741,4.275883244226555,1.6358115133286981,5.983972429820813,9.462178366001917
2018-04-01,4.294889869929785,6.953754952849432,4.247793719828466,1.5692904586576866,6.035374431089853,9.446219480516437
2018-05-01,4.479581918425436,7.208469517501086,4.439575224402142,1.6903600464506552,6.248311208394783,9.735222781016617
2018-06-01,4.560512155058697,7.413539010971191,4.515483303545686,1.562758454464185,6.32650805300742,10.022109053669178
2018-07-01,4.3876337444599285,7.230785215789667,4.300239972498938,1.4578315299435587,6.184792310202987,9.885592452627147
2018-08-01,4.586959252318637,7.650128747818448,4.433743554678668,1.5793737734217659,6.495902778024306,10.615844122771747
2018-09-01,4.491457541093473,7.521708895869722,4.300286491001872,1.5553306147372377,6.3911065958183215,10.529053364447929
2018-10-01,4.516094792479336,7.556332907312763,4.340159371643586,1.6204198961451983,6.39718721137085,10.523246408697787
2018-11-01,4.220311143662745,7.188839307910748,4.0915684424444825,1.5216641879709312,6.071655405257008,10.169053242763292
2018-12-01,4.201942195028302,7.19449965284035,4.067090599260279,1.5294781057977413,6.108207221197214,10.309654161429515
2019-01-01,3.896857977336833,6.736769948619992,3.796964021117678,1.3516410443333824,5.741376810740666,9.63092295750202
2019-02-01,4.2075731945012205,7.152660253575338,4.13642834862607,1.5148568732557612,6.159330613027701,10.091034737007833
2019-03-01,4.420623640330854,7.509766173569478,4.299742483756478,1.6676137578787267,6.417460034546633,10.585580169113566
2019-04-01,4.553744136539002,7.747542272646971,4.45657044159275,1.668443932702148,6.5835916560000864,10.88241929961217
2019-05-01,4.621464544027015,7.696245108129234,4.479526702133888,1.7800853653133633,6.605110150948747,10.718485680879647
2019-06-01,4.348230919653902,7.442975755664091,4.1850505264666005,1.5942203112138635,6.3565171711871296,10.585826270948361
2019-07-01,4.657610382278163,7.921027273493771,4.48318328678149,1.7563745475394976,6.751926207452709,11.165879379556742
2019-08-01,4.620773649794283,7.9462639784592755,4.40458041600289,1.7026321501432522,6.7925890609112916,11.372604858326646
2019-09-01,4.550225629679451,7.9734794249934104,4.318728279928587,1.5454063366485866,6.857226684594255,11.575396319158223
2019-10-01,4.652253263994178,8.017007267058435,4.4358725609880825,1.7108147608817819,6.930347722233259,11.477754796426241
2019-11-01,4.8710356634584375,8.340431000982754,4.648985126378397,1.814082959912936,7.204598911575972,11.889824794990137
2019-12-01,4.895250805097355,8.423313353536358,4.6428521902415865,1.8237003730166077,7.219641480131551,12.054122939268362
2020-01-01,5.109194983929337,8.772478623219502,4.830976641221216,1.926253508817969,7.550957395830729,12.514925789922053
2020-02-01,5.063975670408857,8.808922677796984,4.755192107824614,1.903023292854586,7.699487887579013,12.733406785366531
2020-03-01,4.59442760855624,8.125790832958446,4.319513172638204,1.5757327492203468,7.166098893215787,11.827289941606766
2020-04-01,3.7156278453598017,7.130691589858833,3.4209026590985347,0.9731343077827729,6.028215555810224,10.888434551498136
2020-05-01,4.169782648959226,7.881423697575508,3.829011650306538,1.1074734055890778,6.681424384671716,11.977714964266767
2020-06-01,4.462947912944128,8.287352082922878,4.15051831160945,1.110373980476481,7.042479937634647,12.394190153410287
2020-07-01,4.578128014377531,8.396943760242987,4.249564502400404,1.2575384531759073,7.194620636153249,12.43161021802565
2020-08-01,4.654194972413028,8.437921819164469,4.3335295343369715,1.2519888521002107,7.296780700321752,12.22687306870456
2020-09-01,4.661853955118457,8.300081898285379,4.350589044182709,1.277452924919105,7.172078775290972,11.864969764914136
2020-10-01,4.640581985752542,8.342569042357018,4.3304688629269865,1.1255535592482904,7.267326333836797,12.024631608802938
2020-11-01,4.4061002954352855,7.900155336543146,4.134112414194177,1.0228268211752176,6.936621144057789,11.33146450590968
2020-12-01,5.009986798318335,8.59443190035134,4.767159427369907,1.5173747041349164,7.579153628217157,11.989799220777995
2021-01-01,5.112627059907133,8.721351717679008,4.904921663205083,1.530832658982089,7.723959697889047,12.087831658134021
2021-02-01,5.190784793624799,8.855752765435533,5.009611041350554,1.4312557041143492,7.789343156959857,12.279190042242654
2021-03-01,5.3227129635112265,8.85891568884364,5.175416137675373,1.6739591658977957,7.679514786121035,12.041737264066558
2021-04-01,5.636078548000204,9.213496691028304,5.467837839506685,1.8528695087859908,8.121419036952108,12.421715866014766
2021-05-01,5.735988849826634,9.436648328426346,5.555360092989808,1.7841009447976692,8.248596330265569,12.763903565038264
2021-06-01,5.863638935901185,9.590014154227442,5.699040444397111,1.769742670684176,8.371437699713509,12.893057370727307
2021-07-01,5.967253086465368,9.97259170622584,5.713175629292311,1.6894577930440615,8.620708692967318,13.764653744461228
2021-08-01,6.175288112399094,10.298511638582001,5.926886744038481,1.6659278708762217,8.819394657240128,14.150581014595547
2021-09-01,6.334322259809822,10.5652590319659,5.9960485449219165,1.8077048529066062,9.085168883193699,14.642668018869808
2021-10-01,5.92651405356766,9.912038899927243,5.579722928931521,1.7534576010440126,8.528112958538923,13.847638661863826
2021-11-01,6.32293301903851,10.583309524307872,5.931465793285563,1.9083921492175795,9.15463207735712,14.831028444643737
2021-12-01,6.237121019143422,10.402549609745007,5.88024868822823,1.81673114779896,8.987109566716402,14.48913624841158
2022-01-01,6.544393789578404,10.913365769714519,6.169975609809397,1.9476693792572386,9.447232393647505,15.14888832036179
