time,equal_weighted,historical_average,random_forest_1,gradient_boosting_1,ada_boosting,extra_trees,epsilon_svm,nu_svm,MLP3
1987-02-01,0.004450346205791457,0.03235501938384472,0.10699342461056256,0.01978639830747455,0.008884856535704743,-0.008218345020735797,0.08673783590862226,0.07140307068918975,0.0773185410587084
1987-03-01,0.04568276453571271,0.10573938742546637,0.26340467747134,0.1151355626196823,0.04678529138070237,0.04109142651962452,0.21868085009026808,0.18482244892722324,0.20231024159417482
1987-04-01,0.06761803031913335,0.11839621642208153,0.2365981218345676,0.11958744874897723,0.11425718953367509,0.08334194958847783,0.21133888166712939,0.19221668942898965,0.1886251689442447
1987-05-01,0.09806877413487174,0.15381408955309112,0.26596895659457703,0.15668809333901051,0.18811470098210395,0.08502772649730078,0.2498943203985873,0.23772575469595125,0.21145475575096875
1987-06-01,0.11356159528926978,0.18613188260783725,0.3240113714675695,0.1883474307530328,0.22545975664848367,0.12432802855628933,0.3036633338866012,0.288259811477976,0.26261089673091453
1987-07-01,0.13291494771318624,0.19971963732747872,0.32844026709386426,0.18958401108273026,0.24975575971526603,0.1654195685833133,0.31219384737182987,0.2998955671573384,0.2719817578800193
1987-08-01,0.203822517706539,0.2827048880479528,0.4072281490009793,0.21444158447416206,0.49826206014470603,0.27267894974755563,0.4260217596400795,0.4402515538843997,0.3521856594330831
1987-09-01,0.2009985192836416,0.28160880540047717,0.4060625253938082,0.2144418317988101,0.44731133083072844,0.3040771430339819,0.4145776319119935,0.42102569355781827,0.3613352643192036
1987-10-01,0.22817953232640537,0.3176921737679138,0.46830046489668364,0.25809643532638427,0.500066990651143,0.3332626350324784,0.47485776382148676,0.47982374460285565,0.40545136910882695
1987-11-01,-0.0850353022960292,-0.03422282864089841,0.02074695157800386,-0.07074087492651324,0.034844655212233074,-0.020967427549863697,0.023657120910850198,0.02586112949956889,0.01056561518409136
1987-12-01,-0.16945139629291076,-0.11769553595248666,-0.05990591562079761,-0.1524871114287977,-0.03512636191543765,-0.10546850036046959,-0.05479020650585395,-0.050916571234708156,-0.07117787176310224
1988-01-01,-0.14493050337113192,-0.097418658837108,-0.07342574965275164,-0.12008634765071269,-0.004722404287744359,-0.08629244414806554,-0.05924158571153805,-0.04850242901202842,-0.07661776537967818
1988-02-01,-0.13686493602302752,-0.07926354402119724,-0.02167743331754875,-0.09757832948773212,-0.01194165664448967,-0.12443380308976054,-0.019667655116231322,-0.01814542163147075,-0.03979047481285634
1988-03-01,-0.08252834313074947,-0.029756306759533478,0.019115150192529073,-0.042421032981693314,0.04983818689951289,-0.058476609990648826,0.02545788183891865,0.03026053584313551,0.003992255286163532
1988-04-01,-0.08349093628144443,-0.031687899182702,-0.002330057818954027,-0.04365800776859217,0.0903765240315431,-0.0814457361637888,0.01680974639351287,0.03130080581689415,-0.01366846856484282
1988-05-01,-0.05954218993879084,-0.003931948581833753,0.02098012338073619,-0.002105162146415683,0.1532666041820944,-0.055947940417532656,0.04829147876117065,0.06896916772810271,0.008713339980456543
1988-06-01,-0.045642071892802165,0.015859868254541457,0.053147811908628335,0.009272036739660948,0.22212657006785766,-0.027921441800072253,0.0880347532127491,0.11444765065413154,0.03250447348664055
1988-07-01,-0.002107473709937257,0.061792696323811666,0.10046727896620662,0.05045437300163408,0.27682584039669866,0.010219959810535972,0.13687777981644048,0.16444422288811086,0.07924510923541347
1988-08-01,0.021732987459449824,0.08594651244498062,0.12028085973153026,0.08384507533458352,0.3144489972677965,0.03308370077266167,0.16036825802500987,0.19071844918129527,0.0982703432326928
1988-09-01,-0.03302719986873684,0.027414166985001473,0.05408024385183409,0.02423641165666521,0.26141554612599477,-0.009588282126549734,0.09688622953268608,0.12929449286443453,0.0409470317019181
1988-10-01,0.02796047726245203,0.0948764435877859,0.13519917914552596,0.08730795236924357,0.3844193737340875,0.03550704235654714,0.1866527026507662,0.22560787652050476,0.11016923587955144
1988-11-01,0.06748320361353087,0.1332659134178413,0.17226212737813845,0.14382512013527157,0.4252356345405284,0.06932851178512661,0.22449055801897727,0.26403240628539765,0.14288666683888818
1988-12-01,0.038562644160257745,0.09803882923691579,0.11142265669337434,0.1340552090711565,0.4248189037998496,0.028447688861169156,0.17612615677144006,0.2251123838934844,0.08926453978316067
1989-01-01,0.06238948708588981,0.11833800847759779,0.11398684060138582,0.17276367731634032,0.4456435791397395,0.06669443252354545,0.18246030173280875,0.23430074888530997,0.0975158295063079
1989-02-01,0.14930952954432197,0.23230165286660026,0.26806662181287627,0.3102840897730858,0.6173766234954309,0.12348499246338249,0.3401845240978235,0.39478450029412054,0.22968636808075754
1989-03-01,0.13341399638401408,0.21870325069308758,0.25967515160196,0.33031834225112966,0.6394506473952801,0.10409811946818459,0.33808282061568073,0.3974447519017359,0.21423998975025815
1989-04-01,0.17487315076579843,0.2661999943991123,0.3167848597412689,0.3753341450623227,0.6899848322058912,0.1390786003806983,0.3938349026929139,0.4521691181021092,0.265729905665055
1989-05-01,0.19226890380059186,0.2911604784683792,0.36107410963564984,0.410456630254284,0.7090045166374639,0.15256503700053856,0.4329069133693575,0.4872914220464882,0.3054029009307316
1989-06-01,0.20508707461381293,0.3027581375291126,0.3505848708979405,0.4285125175839925,0.6963709505925304,0.1877562303135179,0.4219747327271872,0.47602410511579146,0.3075956941827113
1989-07-01,0.22141518767748225,0.3185686397575665,0.3871815061872747,0.4729111510359671,0.7198335435209937,0.15783316927868393,0.4558597864195596,0.507856200552974,0.33841983582215085
1989-08-01,0.28023464738177056,0.38046996372926534,0.49627217627013853,0.5200295783387396,0.7688413657116028,0.15899223762539882,0.5525459493597888,0.5951509903453366,0.4216823038949089
1989-09-01,0.34118716522337067,0.4653181528321309,0.6585103897080071,0.5693741325912052,0.8785174343540209,0.19976767366769066,0.7039320090859196,0.7383214536909815,0.5516925168383543
1989-10-01,0.3132431013015945,0.41823011997971227,0.5412606165818594,0.5045709171396684,0.8418662469791666,0.16257463207474918,0.6033227202198184,0.6503100570330623,0.4633280395497354
1989-11-01,0.2179290320690788,0.3179450649253293,0.4566449011183401,0.38337457084937465,0.7052572019814078,0.07059284362733229,0.5079726695891291,0.5468330158986682,0.37838664519808174
1989-12-01,0.27221833344892843,0.37581501821574254,0.5191157317444807,0.43642944967241637,0.7723126049097115,0.08966361114673352,0.5713900464339513,0.6109669789249162,0.4418814794538689
1990-01-01,0.3310425905096498,0.4295889366419901,0.5440574214991671,0.48057995184399077,0.8514460415302557,0.15382964340660682,0.6075201517480379,0.6555675723667552,0.4782260959447986
1990-02-01,0.3102445296621848,0.39856892852004777,0.47156316242983926,0.4897312671912394,0.8120181470064427,0.14466304944964695,0.5418527607781825,0.5950685945119322,0.4204246820674769
1990-03-01,0.26588305771204623,0.3568876123956125,0.4242437776999451,0.4328429777934414,0.7895273163252887,0.11084149602662056,0.49965950776952855,0.5567561999971248,0.3766972395728261
1990-04-01,0.2961695259048256,0.38996134097358615,0.46084091103675234,0.4763750812559135,0.8904573085662675,0.13612852183975868,0.5495384134706548,0.6166907573623159,0.4120165463543069
1990-05-01,0.2656546557760698,0.357151161045444,0.4349667409598745,0.43717166129386054,0.8210420936196143,0.10525720968556306,0.5146748063152872,0.5750214024639143,0.38604671180756883
1990-06-01,0.35774339872267724,0.46232975940578036,0.5678340564901,0.5401883923122979,0.8933728809287931,0.16963402689384122,0.6350437482388174,0.685928226146659,0.5033880014848451
1990-07-01,0.3785166234990211,0.4844011023686948,0.6004679475883673,0.5387043331452905,0.9141974744753975,0.13423213878811485,0.6652396374556195,0.7142782481170792,0.5267317478696275
1990-08-01,0.34807357705034864,0.45275811774202307,0.5757590262719826,0.5092710196882317,0.8578319243938372,0.11442394825999548,0.6339952089272811,0.6780856995912333,0.5034201577723836
1990-09-01,0.17439870193704313,0.275822319591925,0.41095683508211484,0.2989086207405162,0.5853071396753678,-0.030239282460407656,0.44695294222373316,0.4742056910524141,0.3463664833660207
1990-10-01,0.05784106347652749,0.16685078319201296,0.3578103063060682,0.15421499089265045,0.37858844887013476,-0.12643564248259356,0.36209976172240316,0.3653483150828861,0.28159858233489027
1990-11-01,0.06559694686984172,0.17767369443192033,0.3862486392656172,0.13591218285009718,0.3697034038912251,-0.1472974473120899,0.38283226234406714,0.3802469707856613,0.3077012094092189
1990-12-01,0.09582874839353976,0.21858541150689398,0.4491858043561999,0.15792580098570344,0.39177716353233033,-0.10883994791070335,0.4373328359329532,0.42836045522622235,0.3681179989504737
1991-01-01,0.06909887791074826,0.2007134030517971,0.45781063964024993,0.133191535406255,0.3773386847262977,-0.12137817062345772,0.44119596912386516,0.4286186995199887,0.3664843690136375
1991-02-01,0.0938105917553265,0.22896344001061347,0.49067778958852004,0.15112381966065802,0.38261409597619095,-0.08681906295662763,0.4683665975736987,0.4514766239473868,0.40215032931391725
1991-03-01,0.21319451493758942,0.35780785384843966,0.6286731621268996,0.30533999622315455,0.5768379024143988,-0.0015804944598817841,0.6179709377731197,0.6098698962417198,0.525237783227718
1991-04-01,0.27709358546948726,0.4512493958467216,0.8097925074451766,0.3572815042227112,0.6901235675700254,0.05110094107740408,0.7850851864422423,0.76638153140011,0.6718201188706079
1991-05-01,0.27168594102696286,0.44851728944321717,0.8114242494884518,0.33996785965663867,0.6862360859304238,0.07881138156428903,0.7855774508917727,0.7660111518562577,0.6751749786304939
1991-06-01,0.31341740776398785,0.5072990161516582,0.9372987272057217,0.3587664402614626,0.6935941129764983,0.13781464709203023,0.8869829515062473,0.8488919694633253,0.7829970663853955
1991-07-01,0.25677061666261414,0.4609719266818714,0.9461567395076302,0.3109062383458622,0.6755460562714043,0.07090908992309138,0.89028582621111,0.8479893200237628,0.7681981336935906
1991-08-01,0.28324692373425286,0.4983009840528916,1.0041987824852958,0.3435549744979266,0.7027568076212682,0.09830347008145969,0.9419624540420649,0.8948468898510485,0.8197059588314745
1991-09-01,0.31838523590008744,0.5498777628946637,1.1014019607565655,0.38671588063670603,0.7382975334203468,0.13033375709342382,1.026434610866784,0.9696809458432665,0.9006545925611846
1991-10-01,0.2996913737581581,0.5310946976323498,1.0636397753537237,0.3762039125280461,0.696787078319224,0.11505616343861336,0.9878985171274626,0.9305589819736566,0.8735029599730268
1991-11-01,0.2635827336889763,0.5227755388886747,1.1930109401462128,0.3079383970743081,0.5933586838637845,0.07248954596079095,1.0692057110254363,0.9754783569022454,0.9557771190572333
1991-12-01,0.19902905515888325,0.4547880413589672,1.1489550206351524,0.2254510558341193,0.44258888810568603,0.030660508240513754,1.003117661568893,0.8927102625228313,0.9105248481962428
1992-01-01,0.2218587019332835,0.5066764682980539,1.3310068739993655,0.2367056744751296,0.3883064651964103,0.05362964947861416,1.1363757889001693,0.9890281157468425,1.0513315165959083
1992-02-01,0.29716777933282973,0.5861373142617217,1.4128251867638637,0.3356414512016625,0.5196403432854242,0.12717294002360685,1.2284169553364588,1.0888088894324333,1.127782763115008
1992-03-01,0.3158989828795137,0.5874289197306958,1.331939268727395,0.35221281422584133,0.5389381788384606,0.14824554683158903,1.1682148446305378,1.0442659516242838,1.0776735720515223
1992-04-01,0.2640853324529231,0.5354697836887914,1.2857857364318706,0.3209241321569781,0.49826067722741363,0.13897349356623565,1.1231916363744157,1.0000987256078353,1.0305168206294384
1992-05-01,0.338692151463082,0.6006788212699088,1.2704011227553151,0.42505396293196496,0.6312605478136495,0.18680825607646784,1.1384422810009431,1.038542683080252,1.0416746121057026
1992-06-01,0.3639186513420805,0.6421546547740797,1.3724994095756637,0.4760066213480071,0.6347312090065168,0.2010322457222366,1.2201777970429155,1.1048622636964376,1.1236158902663127
1992-07-01,0.25770984050687107,0.5079210461842699,1.147090989646996,0.3768232461173369,0.51422631890567,0.1334946076551125,1.016427877161048,0.9175091655683646,0.9384724266768315
1992-08-01,0.19541027198964975,0.4664228461733207,1.1997718780212914,0.2679937664946684,0.40718784160555577,0.07765225029474057,1.0361331412218628,0.9122494544928011,0.9591057379587703
1992-09-01,0.1380396014128097,0.4097836701197056,1.1484897675530492,0.1970072973242696,0.289737231561236,0.040143096498564804,0.9711899502863458,0.8369637012386046,0.9144237292388495
1992-10-01,0.1397586605208918,0.42284415580174334,1.2384663446146287,0.2050453210528551,0.2728002425609937,0.04193429541353186,1.039093344590138,0.8881558663282456,0.969782102939205
1992-11-01,0.15589677543273717,0.4383501502684524,1.2811235116221522,0.18167220997764402,0.20546745575206854,0.04372559342124129,1.0590422596240585,0.8909127070687969,1.005107685189285
1992-12-01,0.2075044118743035,0.4961555032778845,1.3314732030584107,0.24078621888658455,0.3009828163950962,0.056790625656941825,1.118716826392137,0.9576469724872441,1.0529976315069411
1993-01-01,0.24258477622674351,0.5332394017207612,1.3592121825070316,0.2874097142824327,0.3477688245446079,0.08861024397179326,1.150388192434006,0.9922955050938532,1.0852563079900612
1993-02-01,0.2595383436651166,0.5110983194191923,1.198139134589494,0.31016473195146843,0.36928779570352194,0.0978822442543547,1.0270133687891152,0.8974606207027275,0.9704975404125706
1993-03-01,0.3186439540407745,0.5485460592261254,1.147556052736622,0.37212326890147257,0.43092891791067267,0.14750825986951752,0.9996001363523942,0.8875885445236622,0.9515657250388089
1993-04-01,0.3225374802609029,0.5416996841910308,1.0750617861706433,0.3890660122250626,0.4352326618410903,0.1557265783398857,0.9429615328068351,0.842953859692715,0.9071497578868943
1993-05-01,0.3285350572172782,0.5608923602118812,1.1627076629529585,0.3898079832891558,0.44397893450693826,0.15119595354355,1.014317800679625,0.9019777494909134,0.9645453122606643
1993-06-01,0.3516604967868906,0.6104334165839771,1.307696318919353,0.3885713325821406,0.46008299454054036,0.1427669449132046,1.1326969892359011,1.0002117037821727,1.070542132778296
1993-07-01,0.4078595172089249,0.6517535068677853,1.272497928984287,0.4541162209962906,0.5261665315858508,0.1949216434794472,1.1184093012204417,1.0017548767771578,1.0605705996430128
1993-08-01,0.5047929895075007,0.7504161670990439,1.342894238652226,0.5879271310257984,0.7110886185549375,0.2933305872406321,1.2124505517818158,1.1136972459190368,1.1370417165706728
1993-09-01,0.5581024351501295,0.8179416756971871,1.4697009296100925,0.5929981427809872,0.741076455963982,0.3058688599883818,1.3192679906498284,1.2053813655368355,1.2435277222490084
1993-10-01,0.5384578796306733,0.8039527437896682,1.49231171104937,0.5573812888568919,0.6669410027283347,0.2899591011056965,1.321904598136347,1.1928959893768316,1.2561160221801722
1993-11-01,0.6266023787224343,0.9145942670496775,1.660843373524176,0.6340569563818119,0.7773114064685147,0.33737251654883044,1.4784282905136683,1.3403288462650718,1.4042024386521943
1993-12-01,0.6368701099586266,0.9367663937127152,1.7172538347674238,0.649392130453832,0.8278458217603303,0.3531768871710606,1.5336254483058909,1.3946075925357093,1.450252816999264
1994-01-01,0.7551931520219626,1.0805765728024017,1.9284432830273375,0.8023726473940195,0.9448800054501151,0.4540091660103685,1.7253753372953868,1.5716406812175983,1.638097322918695
1994-02-01,0.8395425918022756,1.1754471973381173,2.0016372483347236,0.9114495489108587,1.1156414927967,0.5003687693713629,1.8187126776403622,1.6802285209087802,1.716438515526314
1994-03-01,0.7392133445609712,1.0688419854631952,1.8715674763240264,0.8221592787816827,1.075796906172332,0.4492675675871086,1.7072705320863495,1.582889080334139,1.594184202698798
1994-04-01,0.6975975547121779,1.0130759195042047,1.7666727020603306,0.7695996214725351,0.9974962836360047,0.5023704208812149,1.607866060422763,1.487641451935938,1.5143394797655545
1994-05-01,0.7300697095194306,1.0278156637262008,1.702104125191619,0.8430585998853347,1.10314664089133,0.5870820951544683,1.5784404553445768,1.484821995856046,1.469134611309942
1994-06-01,0.626846582208586,0.9269903265616555,1.6368358032693946,0.6991070234660423,0.9968021323114417,0.4866712309669117,1.5046918040864574,1.4046528708068686,1.3952876513700674
1994-07-01,0.57036220360947,0.8728818399736048,1.6018705629934098,0.6282441164052622,0.9636212170330819,0.4273518879231893,1.470095176520376,1.3703351567559834,1.3528373699264107
1994-08-01,0.6489996605252429,0.9280086615784285,1.533339034014761,0.7273033481642511,1.0903738658397566,0.5185961651285875,1.4418817487112376,1.372645671993719,1.3265488855425482
1994-09-01,0.6839135448445344,1.0045385389372041,1.7382348221166042,0.7153075225457759,1.1757544166873128,0.5482031196876492,1.622102196809485,1.5341854549288083,1.4866836413059232
1994-10-01,0.5814447066893061,0.8868862229197519,1.5955768554079852,0.5989335074104842,1.098286850792252,0.43599158810333644,1.4929037906586744,1.4151765273349088,1.3469283152876181
1994-11-01,0.6123043129604371,0.9209742613212527,1.6431293157993776,0.6211944156212957,1.065384296913723,0.46138413752742574,1.523845554358223,1.4335426906627189,1.3947748140310872
1994-12-01,0.6090254980874756,0.9240230634540358,1.6948774897032888,0.6369010241356592,1.0170715470102762,0.4205033654068525,1.5549352910564131,1.4489922988843327,1.4309566272705854
1995-01-01,0.6050605595621983,0.9419916566073652,1.7927800715131479,0.6216896791531551,1.045392824405741,0.44241880786111615,1.6384719056707027,1.5216531073864712,1.501015319553702
1995-02-01,0.5876592108897591,0.9431863120121099,1.857349128508886,0.6033863556230217,1.0405332127567866,0.44874053738256503,1.688706716050601,1.5610359816737722,1.5395936727938206
1995-03-01,0.5771253384064213,0.9473908453902212,1.9510555833928491,0.5911435836331722,1.0210972140733066,0.4398900419764929,1.7590537758311537,1.6136982553587293,1.6037820723055818
1995-04-01,0.5420174269669588,0.9256007595433726,2.0107293637935286,0.5363576399144411,0.9129484914119553,0.3761455155621907,1.7840789802043096,1.612491840900542,1.6329748160701165
1995-05-01,0.606137773780188,0.9993033842958613,2.1032704597632836,0.5947303712180756,1.0027720805581744,0.4320932709060314,1.8760588033286434,1.7040469658447996,1.7234360363672943
1995-06-01,0.6692078426769477,1.0679169835981015,2.1902169549372457,0.6748687014899981,1.0546950674344964,0.4704454303284533,1.9557742830718399,1.7782880773971534,1.8032526401829077
1995-07-01,0.6566020181763192,1.07762880323239,2.294646204799042,0.6450637614888477,1.0458101003393958,0.4350434950072342,2.0368085559979328,1.841610765464439,1.8669676953508278
1995-08-01,0.7201349195791701,1.1536255410746445,2.3806606419362906,0.7144427918132749,1.1703409661317798,0.5208088866086604,2.1307747901005034,1.9415974798136133,1.9528057087382025
1995-09-01,0.7538433708435212,1.2093412052862833,2.530078620697311,0.7463498597190213,1.1117550191719257,0.5184909404475218,2.237247903464156,2.01555848843178,2.067758840835915
1995-10-01,0.7649321640644123,1.2447644559002486,2.684857339726426,0.7678687691643715,1.1407707960178066,0.507533185430278,2.3660616740120326,2.124714865393994,2.174655791131754
1995-11-01,0.7473824251395614,1.2612013720336568,2.8715708728455285,0.7238427345535032,1.027901744646159,0.5207036097967067,2.490923587709873,2.2027504017810755,2.307431857359181
1995-12-01,0.7941655550184153,1.3226030000947337,3.0195895066865486,0.7071477612774681,1.016518333264261,0.5270255242032231,2.6060322103583022,2.292943534438559,2.4268210087875595
1996-01-01,0.8179624815630891,1.3751021206266074,3.190219228352048,0.7172901444684511,0.995415895817257,0.5549467316106166,2.7370769876833245,2.3940196463743826,2.5667313307541457
1996-02-01,0.9034926231541527,1.4649873624002967,3.2473293953303863,0.8101652873653016,1.0924586961728342,0.7168894779018932,2.8024311135292543,2.4656155622985607,2.6344527041959998
1996-03-01,0.9359399394627822,1.5182511055583274,3.3575863931385364,0.8781836370023002,1.1357739816730263,0.7488143754051056,2.8988669747718134,2.55158817573896,2.722734238416951
1996-04-01,0.9660087912765174,1.607322125954012,3.6482637458236513,0.9151608953592574,1.1263336752535718,0.8287847345307618,3.127581431003379,2.733392853752284,2.9452067871365326
1996-05-01,1.0108178010750686,1.6392811680175892,3.5862590076114897,0.9871370804160854,1.2124086275578012,0.8458535369263952,3.096149091075545,2.7251061776802565,2.919733369668109
1996-06-01,0.9915991163843091,1.6020884650078469,3.486958265223655,0.9786027188884969,1.1625688476851181,0.8436409033865648,3.0070598912221373,2.643747889894202,2.836680669098674
1996-07-01,1.0020469421831686,1.6403200686773565,3.638240727759719,1.0007400082280902,1.1398005878205497,0.8718781383434869,3.122407809521907,2.731890829754073,2.9506824445242987
1996-08-01,0.9174253183718085,1.5199522779354075,3.433111277130295,0.9166447531760203,1.043035354706988,0.7709405335889775,2.93965203564995,2.566072754372698,2.7748396585429265
1996-09-01,0.978204031343739,1.6165345737999486,3.6505945553374577,0.9810761903942128,1.0934312695675406,0.8322617320100897,3.122638090938942,2.722942261623912,2.943595389776344
1996-10-01,1.0611916438456959,1.728215159068088,3.8578212664646148,1.0814963228696617,1.1715930599531512,0.9322511543319209,3.3032178201584514,2.8833485769049707,3.117031772908549
1996-11-01,1.0744268983197973,1.7389567706120506,3.855024110166977,1.0933689223059684,1.1211978378279701,0.9502682757010489,3.2905935203675547,2.8632843880823273,3.125713722971114
1996-12-01,1.188369200507615,1.873240952446439,4.018194575886322,1.1700457683910137,1.2103267858067102,1.1346535021534134,3.4384773821918073,2.999595311754813,3.2995930980431267
1997-01-01,1.2231874940350047,1.9109067993374154,4.046166673570914,1.2313865763126113,1.200469710381027,1.167526778152863,3.4586392935695907,3.013844347659456,3.3370911933851213
1997-02-01,1.3741513551398796,2.1228697505418115,4.537309519203057,1.3592625456966767,1.2526703062618592,1.204298581163473,3.8591583356830554,3.3457545042684935,3.7148179986724004
1997-03-01,1.4595102239480635,2.225247574948723,4.692787488040628,1.3912930114562883,1.3999699153828664,1.3213568219630103,4.012947750787373,3.498265636577402,3.851709675677589
1997-04-01,1.4315947012743155,2.199162282250277,4.696283816549469,1.3336627950630333,1.4367595517156866,1.207459466868757,4.02331801877572,3.5138398875001298,3.8277353960881904
1997-05-01,1.5644900093704222,2.395797791078796,5.1512960693062855,1.4149158793251029,1.473966470576694,1.2796332445727574,4.3920703885705725,3.8172871615599235,4.197538797664831
1997-06-01,1.6369265734072638,2.5077148275059087,5.424256722653005,1.5659176399241865,1.5758679615659286,1.2909070678077763,4.629714342325648,4.028193795020439,4.403598068299208
1997-07-01,1.8067882326978093,2.778643592664404,6.063652055018871,1.6808097289928758,1.7126151878877833,1.4586449182746473,5.165332988548222,4.485246343246071,4.923566237131852
1997-08-01,2.009787868455513,3.0152836547370887,6.488127658755128,1.8363861705958424,1.8302062550918914,1.672742694698218,5.526449435734675,4.798394961837048,5.273531633821475
1997-09-01,1.8263973532985964,2.7292929439966334,5.796983741531156,1.7694803056030428,1.7399656364982872,1.4316722065088405,4.959368436190048,4.325238088534847,4.72632939688119
1997-10-01,2.0231826535361326,2.96832471951367,6.223323973399812,1.9616639231439899,1.9161423854772073,1.5862397873405776,5.334060390336696,4.660828143306943,5.076205919816162
1997-11-01,1.8107571543777343,2.709547169662517,5.859454058991731,1.6968856395206886,1.460223084606717,1.3724585434747596,4.951186095619338,4.26356568974001,4.754978930515647
1997-12-01,1.9209831028834508,2.878393783991048,6.250131049385578,1.7180354650862384,1.3833113840472184,1.4391535114522085,5.245324595438431,4.484617679897138,5.086761847290425
1998-01-01,2.0041928246951537,3.003269058646569,6.617030027778399,1.7610748176286504,1.3173669597813904,1.4810882472811513,5.522860032127561,4.694497256408004,5.375875235899067
1998-02-01,2.266741023095388,3.5005167695833572,8.094189478642726,1.8201942815906913,1.418157460647441,1.605627548427184,6.71585430213224,5.672358506191802,6.510540881991172
1998-03-01,2.4538779552366865,3.6004551070109456,7.8983835817917045,2.0204136445979324,1.5711506990493456,1.7381744155929086,6.592061926905846,5.603084770032138,6.390494533905559
1998-04-01,2.6970613210272685,3.820795030088013,7.965050103650719,2.396371192710629,1.7227530800891415,1.9717641315328636,6.676264505147703,5.700563419149622,6.50866058781404
1998-05-01,2.6581704177375425,3.6827170480229103,7.418894511922545,2.4160337209692444,1.8257650863328294,1.950270124050183,6.264136448932058,5.389903477594127,6.104656916673381
1998-06-01,2.7336337739304057,3.7216818810073047,7.2659816158761545,2.5656732100823385,1.8247938064637343,2.172901864732383,6.142592365555979,5.292108713113818,6.030787479100852
1998-07-01,2.844841902517537,3.877697039127901,7.61330140335121,2.4883816151209763,1.6440364287627758,2.2377005089174022,6.380885772423895,5.447860867050062,6.324351186918131
1998-08-01,2.7945438641119784,3.7646928519391905,7.394650943230288,2.3628560888632153,1.4194096119121498,1.9159227035153947,6.161003007715467,5.227043301995435,6.114831081529765
1998-09-01,2.2972565044020716,3.276433508954224,6.856424563841114,1.8098038310124662,0.9815354624715584,1.4697101514790256,5.643493757507527,4.725220114497506,5.618800327640905
1998-10-01,1.9178901187896322,2.9017223466320434,6.364818501797858,1.4965478314954217,0.768846146577083,1.1623659185227384,5.209470549164415,4.3347934406794355,5.210763817387283
1998-11-01,2.3342112525822767,3.410409267103348,7.309573924564024,1.8701565685244035,0.9744551077610372,1.5164912374006463,6.001622890515842,5.011413324380809,5.988844835852967
1998-12-01,2.3833603715109297,3.456955502427435,7.436846039121016,1.8504938190503302,0.9596011446974215,1.4126036507341189,6.099552188945138,5.087127328247918,6.070082497925117
1999-01-01,2.631072330925182,3.7907102543086975,8.120297362486651,2.039463366729968,0.9534932028030068,1.483724043213195,6.64063702620398,5.520430574835513,6.622970294890546
1999-02-01,2.911976487242251,4.129916144118387,8.60608011437326,2.2880375853427215,1.0438731113957198,1.4716076249581664,7.044783923534531,5.862774091607269,7.000587723824874
1999-03-01,2.8102902845402173,3.978923405678079,8.16225562879004,2.3018843978309276,1.0932954097022756,1.4116558051961932,6.702795940245114,5.597883145461004,6.6315086367988
1999-04-01,2.8993810607697514,4.1238002919541445,8.590227672736258,2.441136794730144,1.2654462819866585,1.5739146532497104,7.077951496024071,5.933052457854252,6.953605143614811
1999-05-01,3.0357245011166634,4.1151823250049,7.928453212837308,2.7600771145544307,1.7081764157377757,1.9290929106083399,6.644213871757407,5.671954545152211,6.497662707772597
1999-06-01,2.8904034308482074,3.9717083276101786,7.715866718843401,2.614516502427265,1.4872958156705893,1.782322224501098,6.429914346917339,5.4563588160335215,6.314246129607776
1999-07-01,3.0964547439578163,4.201958096566682,7.970180273778616,2.8189425234725065,1.8167411673981408,1.9970519544008092,6.6997386771623715,5.737926937926925,6.5573900477111025
1999-08-01,2.9198616611564403,3.9550306866103115,7.324958468109368,2.76662614136765,1.9695920879996132,2.0039000684087003,6.219286298618943,5.3822177640893925,6.047167764159384
1999-09-01,3.0198337973824585,4.087241330309651,7.589294370815591,2.9083533704492828,2.097315983034593,2.037932368739321,6.455417470195145,5.596995905725849,6.264747532850389
1999-10-01,2.9196292122597503,3.9640737509800816,7.449666605249291,2.8232680362659828,1.9663982927002228,1.8746199262948715,6.317588551316347,5.460528306353839,6.115938303651165
1999-11-01,3.161960136158461,4.30133663296164,8.16994794251409,2.8200515229506085,2.022764695768072,1.959753671843639,6.900797668668049,5.939964144989192,6.667338698835796
1999-12-01,3.6273813642673476,4.865001696118961,8.880207722650091,3.3707448035683476,2.4056608523059966,2.1098962991265933,7.543467817369354,6.531466152543286,7.224590087895178
2000-01-01,4.126207641572701,5.168447905187189,8.177643739709385,3.9381270843132423,2.9446055449758446,2.368668311516793,7.097222942143887,6.279275188592578,6.750542968460025
2000-02-01,4.084458291289921,5.044743130731764,7.694195436564797,3.6309235355723746,2.4413497277093756,1.9879926147163065,6.609682574017789,5.78863800030722,6.3455473070070125
2000-03-01,4.544784510152311,5.4211307801639075,7.668790462174433,4.047062097719269,1.923938633760707,1.9902064692522903,6.482694005216857,5.584744856828491,6.399967816579527
2000-04-01,4.360940660953535,5.455872128462583,8.786972213517661,3.7513820950056367,2.1356487332435012,2.1957690144679702,7.4137287332084645,6.3740944478439285,7.234384062693084
2000-05-01,4.398996393756505,5.531755150821896,9.137323714451945,3.924891009220266,1.9399003880364802,2.1625798189657184,7.651331227718331,6.526338435296075,7.486416661335206
2000-06-01,4.2144483980880825,5.353671583295288,9.10492032339191,3.78762475196451,1.7960685648240688,1.9937883102410114,7.595925057206289,6.453515481495393,7.449552983407391
2000-07-01,4.144068601457084,5.372052445556979,9.614711586662986,3.6310597835044445,1.8446606392453102,1.979985595242234,8.010496847005637,6.795999402520783,7.788349810198813
2000-08-01,4.158813664258697,5.404851918594895,9.813778814639107,3.769943206529311,1.8611825455599054,2.060061323602903,8.171876168721019,6.928845719883187,7.9425619253368875
2000-09-01,4.393780752952692,5.652154529114203,10.14804527787118,3.8647943355991488,2.084010106193672,2.115271866906746,8.48313379859392,7.222684396465674,8.207248926956698
2000-10-01,4.042607286172893,5.454033773327438,10.713544856009268,3.5584779593219906,1.8410513821869103,1.9330987949538292,8.881722640270427,7.494907418400759,8.602298499749375
2000-11-01,4.186387683454868,5.579721441558842,10.64035096675252,3.5978035171186877,2.1810464741329203,2.2627793929204514,8.893835804477792,7.571604448661447,8.60609084367596
2000-12-01,3.8776079388677482,5.341444817859026,10.786039172430408,3.2918517094284026,1.9637734252335222,2.2339095608563904,8.964587721572276,7.58562409725344,8.702967181032351
2001-01-01,3.8073003464153805,5.220035342936096,10.431958284648994,3.21542340774874,2.14119859054799,2.4719241277389252,8.72024213900265,7.424355575956513,8.46656506136039
2001-02-01,3.779008990269586,5.053862787162157,9.67321324649666,3.2457189255048617,2.2760021621294144,2.3741471753920753,8.145980885287317,6.989760264975834,7.8701974706379625
2001-03-01,3.398533036118406,4.801699076078894,9.917736249066222,2.909841467192557,2.3190353060645057,2.3978525675594224,8.348904883617372,7.161191179255313,8.043749384036103
2001-04-01,3.2038721809626525,4.599073552614339,9.672746486527126,2.5121208193733926,2.15188139485173,2.162577152549753,8.119986377169306,6.944438810535867,7.830399715133941
2001-05-01,3.5023331463475764,4.8505230777917845,9.701883780500902,2.812385457499312,2.5306143745791885,2.2525574125423975,8.221300387754189,7.100396121478412,7.86916615014901
2001-06-01,3.4673129878633926,4.974912531345477,10.464123535932599,2.8576801942209866,2.690962410234372,2.291804641378701,8.859273412304267,7.644290919310178,8.45879379529073
2001-07-01,3.3513836864701543,4.8880588913263034,10.578341985914314,2.5303797839983404,2.50644120740921,2.2597849509313486,8.911815295155492,7.6501382638397635,8.541276277494159
2001-08-01,3.140399601986708,4.6515215837687744,10.242445291521921,2.2921565546880798,2.2451060841452555,2.1954184848532696,8.591311776454075,7.341289156993218,8.286934652523527
2001-09-01,2.7929349202927334,4.194206241744477,9.38136897058588,1.944571788666301,2.2144777396158455,1.9549905234874367,7.901691989366263,6.781472442112939,7.605593582683906
2001-10-01,2.36987198842501,3.873281213658221,9.403748523096702,1.4002034682757434,1.7452810736988853,1.546782519684425,7.822580709409912,6.625526042710512,7.524332113552318
2001-11-01,2.6253018827357324,4.104765752622835,9.542209985249066,1.6320564036839431,2.0415343657303726,1.7052908285509305,7.993619303507642,6.8212280423968785,7.655498868322427
2001-12-01,2.774011801224824,4.1500590400189035,9.101882245915116,1.855200792477964,2.440700654202479,1.9184399614948755,7.726613310783871,6.6854392498222985,7.339987917636714
2002-01-01,2.8863629011091327,4.285481682846699,9.351765677716086,1.9486831614883775,2.535328361090105,1.926036746145504,7.944442831511284,6.879001413047752,7.535889227352418
2002-02-01,2.7887281166813165,4.177402158056257,9.13731240169468,1.9191161589127739,2.759843307390842,2.019124470934469,7.820619558783025,6.823791411351988,7.396862462087224
2002-03-01,2.7949959707840026,4.275184067769128,9.562256164480601,1.9680290923527135,2.897701364370446,2.1001903061025287,8.186290726806934,7.144590083805599,7.714058343706901
2002-04-01,2.889550858717137,4.314843554517632,9.439178445435163,2.1218611820410187,2.8374367603423876,2.2393643496887874,8.076181523689963,7.044298469500331,7.647179128628538
2002-05-01,2.6926522159182302,4.080849376610904,9.127520884431195,2.0132214494373586,2.5968275512388144,2.157075742108573,7.7791947388131755,6.758416691482893,7.409859494269216
2002-06-01,2.507035910558465,3.778921157935354,8.300012613883796,1.912157222948732,2.7399048060758004,2.1132443510031367,7.152074234311496,6.283003712377417,6.774145615557148
2002-07-01,2.2085142656129833,3.4310489789530108,7.738474335629831,1.6786315640662461,2.4558001666149636,1.9984827247853074,6.647814444289413,5.822108403263707,6.31827700868389
2002-08-01,1.7404270156678507,2.8603882101399463,6.827983637651477,1.2704815080999838,1.799407454746794,1.5014012159215122,5.789785225390176,5.003795770885925,5.504475050492557
2002-09-01,1.7721640117060327,2.842097653160092,6.55362318929301,1.2597971234583092,1.894811346991379,1.5547992903623777,5.59176701889813,4.8635735586628694,5.341366290214181
2002-10-01,1.464145784801523,2.6028315593387497,6.571574166354206,0.8477659358917263,1.6473868778469807,1.250932200435885,5.554927202697258,4.785254492328754,5.274683081426465
2002-11-01,1.619607066301429,2.720750366384052,6.600010909812364,0.8837392230857383,1.7743905602368115,1.2898011072068711,5.603714868813848,4.849448290926037,5.300993279991884
2002-12-01,1.8277434069057474,2.8958189250790825,6.593949333445486,1.049910808748125,2.112012952806865,1.4820886385142484,5.668610630207717,4.968063629962822,5.322852606461874
2003-01-01,1.517422766585972,2.54693815499076,6.071338385957984,0.7945456483548263,1.8084306043550056,1.2567381241369602,5.191220232128565,4.5249085911876845,4.890290513099615
2003-02-01,1.423329211964369,2.420185094636142,5.844298752587982,0.6995181799446478,1.5987548232159157,1.0452958282550437,4.9677653614146084,4.304167664305355,4.6960264641706075
2003-03-01,1.278432546299326,2.218660992472929,5.461313468712788,0.5605491770658974,1.5974631082532973,0.8428830076157623,4.663585263790607,4.059648108421819,4.357686367950737
2003-04-01,1.2264711496158773,2.184317201646767,5.47226954868726,0.5667447739676692,1.4494137117213655,0.8016544478797127,4.641713049305703,4.012922560080804,4.356446517030569
2003-05-01,1.4636984642072925,2.4756418897563197,6.011664069003125,0.727207757974244,1.5294367198521817,1.0660840555222688,5.086265895655749,4.385673203974823,4.815270927003751
2003-06-01,1.5163936561850249,2.5240503878851692,6.045929227200476,0.7731755100610703,1.5415293808189139,1.0181441077079632,5.115953717001102,4.411895183460015,4.844111956949984
2003-07-01,1.488477456477045,2.470903540510618,5.910264383170953,0.7997404824012704,1.521260015281188,1.0062274376437852,5.004113634395028,4.318091943181993,4.740504728402651
2003-08-01,1.643669993739528,2.614562184467946,5.969937456862246,0.9835616272579671,1.9352667915850112,1.2406809986874303,5.136942560614284,4.506305187428883,4.815185023562704
2003-09-01,1.7576784382519202,2.761772759541173,6.192782555691514,1.145012739678383,2.233794344987393,1.3156254696681222,5.375412088638973,4.75660460913052,4.999765133485473
2003-10-01,1.639019315199652,2.6522589168718884,6.178796073774715,1.0347368337409582,1.9333645388939364,1.1272260933230935,5.302287266474717,4.638707035603547,4.948985374455631
2003-11-01,1.855365415719108,2.8991774881439683,6.522385426360587,1.2642918733695958,2.3857307311894735,1.2408600792255189,5.668334988805948,5.021757222632263,5.22641066865318
2003-12-01,1.8975933304577517,2.9709384106458607,6.664577084574538,1.2033599130512873,2.3775115878040722,1.3420822798590677,5.779472754645242,5.109385128513209,5.356451751747798
2004-01-01,1.9164731533422685,2.998648493379597,6.712129642559691,1.1586553484512057,2.3630727289659057,1.4055634788184224,5.81422667303505,5.134449548895543,5.4216158026348165
2004-02-01,2.03087222402919,3.1190381385029755,6.865510165703356,1.2597663722735892,2.3726257692512185,1.4494262652891405,5.9379120680386634,5.235653816531789,5.548424497767749
2004-03-01,2.129795845288415,3.219356350821256,6.882992315707682,1.3305306731974456,2.7277818900812374,1.4543889020726117,6.025110394176091,5.375632519263027,5.595415305879366
2004-04-01,2.045741027728753,3.121044565725437,6.754087842024935,1.28490955331647,2.5685293342237374,1.3609635559556315,5.889940233339515,5.235718704190846,5.486520013126231
2004-05-01,2.044181547582522,3.1951699612670037,7.162480984599989,1.2891664485974128,2.2766930340754152,1.4541147910647387,6.1537639077072654,5.390093027709948,5.7979492863299065
2004-06-01,1.983547905952174,3.1380406774629708,7.099777076643462,1.2105251987579269,2.3289486014818856,1.4297231784926965,6.1147943812196335,5.369092345103056,5.748445426258793
2004-07-01,2.0364585785118763,3.1550171239528306,6.956886612763518,1.291503808740711,2.374263437564638,1.5273314383728367,6.010760395856511,5.294475768803422,5.668846922848293
2004-08-01,1.9967173605356172,3.14688242972832,7.017259401684847,1.2410481834847817,2.552131314259476,1.4788642641424816,6.0953916605512966,5.397472486934616,5.711031078942403
2004-09-01,1.9957455356521026,3.15858711855779,7.073669267754228,1.2119740723938326,2.576509274418203,1.451891388489337,6.145188743579274,5.442262875091927,5.754090107835152
2004-10-01,2.1013370306273824,3.266141023011081,7.11889047027863,1.289996390179273,2.838745981307004,1.5646403006479732,6.235215042790096,5.566209989572866,5.8149430473643235
2004-11-01,2.0911304472069205,3.2051076698087617,6.869705527373166,1.2770609976733545,2.627765731709855,1.5729852749646671,5.993918139235619,5.330884354266638,5.652944962215487
2004-12-01,2.1711567712135977,3.2486047607285635,6.697676484483926,1.34734013822962,2.9023719957768335,1.7165422851698742,5.914101817584276,5.320879539174829,5.541295667791894
2005-01-01,2.2204383860925003,3.323029052032405,6.9081662329971545,1.3573843215800214,2.7774662594221957,1.7669480281475833,6.055346090719487,5.409699695378701,5.722031213355461
2005-02-01,2.2919184283546477,3.381952673703579,6.852920985230247,1.4833794768550264,3.032858503702387,1.7877465714430554,6.064235190761583,5.4671431921890905,5.705661812557147
2005-03-01,2.389244537143489,3.5285360638219094,7.147560273897239,1.540786860430648,3.326332116482258,1.9718681821986017,6.3586336188338315,5.761359719482956,5.946800688998108
2005-04-01,2.340438401939166,3.461245705068902,7.027047668171012,1.542617400090359,3.131095061786357,1.9650090678885792,6.222693147193956,5.61373929673652,5.8554295251329
2005-05-01,2.274584148414216,3.4998256494871254,7.530546219824942,1.4244783087542843,2.7987487233517028,1.822526835114937,6.553622714258284,5.814022055447587,6.21380669718101
2005-06-01,2.4634291136516326,3.7714728506525472,8.077633798139507,1.588181984541042,3.094318781220792,1.9911180184641828,7.0487816177591975,6.26986785618415,6.668689017650845
2005-07-01,2.525470995146736,3.794598262968978,7.932178244672391,1.643017058814332,3.21392150369705,2.0081658169909185,6.958050383512121,6.220566493148746,6.580799776968493
2005-08-01,2.6290805799250303,3.9324817521151294,8.187423334336856,1.7323687375617334,3.4479196660085907,2.141439264738287,7.208908925965092,6.468104325888417,6.781208421368246
2005-09-01,2.646361818554531,3.9612771398780846,8.169008563701585,1.766563984099242,3.6829448339546547,2.1394899130678215,7.24281920306488,6.541628911104194,6.784542588105987
2005-10-01,2.833995966705698,4.228018229373519,8.67786695875952,1.8875147711908156,4.18948174040472,2.369486550391587,7.751198262699401,7.049645519742498,7.21325105064145
2005-11-01,2.7244584667162637,4.129981962908126,8.697447270765625,1.7783875567634764,3.955802061360379,2.2252869379755396,7.718490888734999,6.977352153909079,7.177615040549075
2005-12-01,2.8984727723610253,4.324262505877441,8.94150272545606,1.9570180013900538,4.340848969818065,2.4570011482287204,7.991655787763158,7.272554832249112,7.423506227229176
2006-01-01,3.0117213185580782,4.456826509503777,9.07903196455162,2.1232927191728,4.629130201266362,2.5838369725997676,8.160309237105782,7.46477184530037,7.565016934179898
2006-02-01,3.1980729650661113,4.654864817391594,9.188121527849399,2.3261504583901993,5.4556014333134355,2.7031181104667636,8.417510042759671,7.834103547356247,7.710529457584385
2006-03-01,3.2632223987509894,4.674388655566992,9.092548836950812,2.4420688837798084,5.327100140220501,2.7115474012071217,8.315140086856138,7.726586316886467,7.6740700311897045
2006-04-01,3.39647102887792,4.865322593439245,9.426582623796929,2.513214633342495,5.9105069126030525,2.7496779527847037,8.700658677132846,8.151083844828605,7.915742531313615
2006-05-01,3.3991687000943394,4.895652415695224,9.478098265013022,2.548781670453095,6.0266653605480895,2.8343474531440895,8.765520278629886,8.226049763693911,7.965620359540176
2006-06-01,3.185399458744503,4.645462116994994,9.137305654039121,2.301157178389918,5.578701253889445,2.616193601461528,8.402600864744569,7.846378558253523,7.668767542606886
2006-07-01,3.2174047471367024,4.743076401786326,9.453623558055009,2.301973932685002,5.7675933530842824,2.655535994958487,8.692610245440314,8.116470979766357,7.909020250940014
2006-08-01,3.2089808526875987,4.7623188209715295,9.552924171673123,2.1910942465432166,5.797121844665708,2.68738724338371,8.777506075134438,8.190461184792433,8.011416052855525
2006-09-01,3.3910156494390002,4.964291072162675,9.829846994208479,2.354142427503523,5.9875145392748745,2.8278151182348688,9.036564279533923,8.435994268881503,8.271524166737105
2006-10-01,3.45248955468304,4.988953319738181,9.704904837781536,2.4424194958340935,5.755487237792631,2.950563165589519,8.88951364085902,8.272205435306024,8.231875151059802
2006-11-01,3.6508646787360033,5.174619464716404,9.666674820708646,2.590821909874842,6.636753959285009,3.0830568601585964,9.04112361109418,8.567538083137535,8.236752900492077
2006-12-01,3.5675055897260664,5.0169951944302245,9.188586494227911,2.5887200574701374,6.30379673593563,3.086407465236005,8.592998340370253,8.142097404003596,7.910237405320352
2007-01-01,3.7727029319274803,5.2249816840040495,9.323084963825087,2.850147148751056,6.596117490152306,3.345115635835702,8.760081205792268,8.333848955857734,8.083521289549502
2007-02-01,3.953941523396435,5.4684204653615325,9.757118169192143,3.0781825980342545,6.8156077605916865,3.5550616702275133,9.149820126046663,8.6900540343758,8.44413306947434
2007-03-01,3.7616160938169303,5.212313246548163,9.306535347352007,2.9085428524353665,6.72582647087237,3.3118838076416193,8.77372766784233,8.370356614257844,8.040082991092618
2007-04-01,3.954421301880377,5.391742455740133,9.229612863906091,3.101506886891708,7.277690519402686,3.734399364555304,8.8266235612224,8.521535727381334,8.097022742741578
2007-05-01,4.095689147439679,5.567002324610038,9.538237557571103,3.330879160247554,7.340830325940837,3.898712921500864,9.084565994945168,8.741107673727317,8.36750952107433
2007-06-01,4.353228933679342,5.810898585164996,9.399309766813667,3.5920451585537223,8.537061432929576,4.07186590066529,9.221294201565865,9.086529215433426,8.354181348949298
2007-07-01,4.266264469764495,5.7025262397196945,9.075301489767803,3.6007731272385413,8.829243101351343,4.247083975392252,9.024503047965714,8.986052270523144,8.103587077987633
2007-08-01,4.022312090262458,5.429044362790237,8.80910111696769,3.3737015251419384,8.266758149027353,4.042795790085232,8.697131599890035,8.61236955499924,7.831009518994945
2007-09-01,4.076194157338001,5.483122424484222,8.775535747779507,3.359591364919954,8.30654672978514,4.133903245832925,8.6787099976248,8.605413786881948,7.849598951124925
2007-10-01,4.203649020507904,5.630983977010292,8.703507559583592,3.35447235992205,9.619242280149583,4.1755423139709,8.892571198210643,9.035715684144522,7.844713709833206
2007-11-01,4.1921043184634685,5.5500617599202595,8.318892083800677,3.4163345361582986,9.29705807070903,4.166512821405696,8.520845041532668,8.673747691614187,7.6024769129059475
2007-12-01,4.0599844631909034,5.517987915367961,8.587425578602362,3.2157805560022386,9.027003565983874,4.1199529711565805,8.678181054920222,8.746899957997277,7.808821332883858
2008-01-01,3.9876741367981614,5.393857968105566,8.193720047268203,3.2113892073851455,8.724491926279073,4.4519199509912175,8.303302403737188,8.386275320099386,7.566236898135723
2008-02-01,3.5706909320834805,4.922590242194317,7.596516940994962,2.7387535796803077,8.468821407544874,3.9497810863153395,7.776611620146245,7.912967703176474,6.951032956333841
2008-03-01,3.4016235556282313,4.724491145286903,7.2438363431479615,2.6694961169046016,8.784618402134813,3.846693474562833,7.561944116069803,7.80278705937996,6.629940618698618
2008-04-01,3.364820628279334,4.629783848602372,7.137774948555147,2.6280435689003703,8.065672371155376,3.992779512438164,7.329347334254506,7.474392392724337,6.565347776728045
2008-05-01,3.4859132436811424,4.77177786978112,7.039406008089209,2.6999933041151083,9.10963365333266,4.2867206635247825,7.466823771478904,7.790421932930977,6.563821465805917
2008-06-01,3.503033657013665,4.863283251878139,7.166681929566566,2.7810217740270566,9.645864532264438,4.421521464732328,7.678530122862945,8.066051210316417,6.697464804400271
2008-07-01,3.0654551152983553,4.460819349811829,6.97577472607288,2.3234413742753257,8.958708693763654,4.116179594288526,7.385166312943135,7.695121081400491,6.437357801541098
2008-08-01,2.979639589116931,4.38196362863322,7.30374692610883,2.3118309956767304,7.723593361335455,3.8775648241836618,7.390424182933512,7.456058830616845,6.6253282584356485
2008-09-01,3.053399656463939,4.490057931576983,7.627058496855085,2.4379882856308255,7.420888174122998,3.9028309223009687,7.584487770703377,7.552272652704664,6.877077694053122
2008-10-01,2.531903984587541,3.8839028283747408,7.343841529327096,1.8590799163736877,4.820027825699785,3.1969424555319845,6.8227713511933,6.4282941940554466,6.500912733322242
2008-11-01,2.105804311046229,3.5188675122959188,7.481608256727262,1.3133498903788299,3.6491888665020533,2.54930790644652,6.690360700033787,6.091341314987292,6.439385925359754
2008-12-01,1.6783288777630823,2.924891562557384,6.477411375295917,1.0737811149888097,2.4578159420375743,2.053301666261639,5.647519460785971,5.019242427366304,5.522316738906683
2009-01-01,1.7842479611641338,3.051111443880156,6.557833011913776,1.2273934911861437,2.4588148763690976,2.38559522888377,5.711542125846115,5.070851331697776,5.676749679197769
2009-02-01,1.611000251459093,2.8970384794325605,6.51937205232346,1.0787274462256775,2.3542342016145597,2.1475485920580852,5.659429589958742,5.008403911959553,5.566844964425815
2009-03-01,1.2946176145946873,2.4229280453876485,5.465523896385766,0.8922876059266518,1.9738525122769306,1.9590014809086598,4.7446254395475,4.19886554624255,4.6742969079358545
2009-04-01,1.5112072223851554,2.6740721434959918,5.785336490713186,1.0366725373335792,2.700226890490965,2.0942346351183128,5.14837753853548,4.666165783092739,4.942214020436658
2009-05-01,1.7955817494853072,2.9179443848263915,5.763889565531449,1.3494103544984366,3.454048530145646,2.4882075048534933,5.286993225402934,4.925960226711163,5.0278974903267
2009-06-01,1.9761365869487577,3.1469722772290427,5.976476297108239,1.4656733388671308,4.3490454957576565,2.773656533467588,5.640470791818102,5.386102773722022,5.258167066194058
2009-07-01,1.889966533221001,3.0886498422050632,6.155964034749615,1.404036792778321,3.9111187266972904,2.5497815137744477,5.69248736766529,5.341614028974534,5.33432214758157
2009-08-01,2.1778503515153576,3.4519176575060384,6.6417451265627,1.675739746726429,4.731605392160262,3.0381593659635935,6.247372020755761,5.948815694992519,5.77242976251947
2009-09-01,2.183548923208396,3.4596234029597768,6.7354508708001735,1.7199646786979634,4.263608456681189,2.9455985358008343,6.22510951809853,5.838755648804009,5.8531430172006305
2009-10-01,2.2782162872607943,3.5641588307709897,6.849903526682609,1.8364866367317871,4.384293826654548,3.060696994758801,6.340848713087851,5.955469189766328,5.965055455075661
2009-11-01,2.258536396429414,3.5683317839378805,6.843376915545018,1.8148300214959816,4.749777561692033,3.166291348380734,6.4111271523744335,6.083895269833743,5.943677051056731
2009-12-01,2.435359555258034,3.8313213285256906,7.157364633142778,1.9374724867170965,5.560628567629463,3.6470513935059166,6.827696206599028,6.578127792364804,6.25995834389962
2010-01-01,2.577571240537847,4.056537579940138,7.552937808959102,2.0616755798437945,5.966137819547976,3.8801982682095364,7.225319599970931,6.9773049373591745,6.618844060160883
2010-02-01,2.473238859353331,3.959895565724828,7.6226353825438755,2.047279948843125,5.608359012806184,3.6188350712902078,7.206760107452636,6.89192832828677,6.606843509647678
2010-03-01,2.485423625121222,4.02089122616639,7.804221542003565,2.1317946795422857,5.728918809402969,3.7260838675528043,7.375746237267426,7.0513760559521295,6.743170764729971
2010-04-01,2.7629509545387463,4.304038764386293,7.872285981429403,2.436318084567528,6.896648657741319,4.018844898934525,7.670847555875845,7.518361606834961,6.861546353265089
2010-05-01,2.6458276049376512,4.141803714512562,7.671820221517505,2.4320024319474256,6.244868305767765,3.8691031219543537,7.377203066555217,7.154173789236419,6.677212877920331
2010-06-01,2.4435123118701694,3.9190137765690367,7.496296010502165,2.315455345315749,5.82319905385536,3.624250208978807,7.150859496275415,6.889356148138335,6.468585540302783
2010-07-01,2.333107408054038,3.8155788910383057,7.554105604538812,2.250478665007326,5.188258531627998,3.63048779252031,7.065643842613962,6.695859636473563,6.472831696724194
2010-08-01,2.639401757630795,4.0815568652358705,7.434452382056311,2.559888156627719,6.217546594305974,3.978606838539365,7.183202424317734,6.993004125159486,6.485071577184508
2010-09-01,2.5987125072883464,4.139188583212241,7.899815810546513,2.462487261709633,6.0093701950220195,3.9284540731724493,7.509506144094405,7.2140302633231626,6.812227548302313
2010-10-01,2.6296176665530244,4.145907052523932,7.729793396103714,2.588864028031135,6.265748054006594,4.16587851517992,7.427517177492442,7.198690251794895,6.70405755085802
2010-11-01,2.772376807945107,4.312647590529522,7.8061817534542515,2.740039085429523,6.623846250618282,4.545237508724183,7.562066277628949,7.377272698709383,6.846530689328581
2010-12-01,2.826069417007146,4.397112848500231,7.885484074137149,2.8963315107285807,7.151414835070454,4.8111517638961265,7.733916263266773,7.6191898080112415,6.912553859895953
2011-01-01,2.99675512121357,4.608730332343488,8.097443242606593,3.13882301741605,7.813010584398208,5.012036362894679,8.038706469515187,7.99426129888934,7.1165335090573
2011-02-01,3.0402784091068167,4.599321923081391,7.987837728728747,3.1156488459354916,7.541667717268286,4.884284396399494,7.895709860321472,7.825983640901722,7.0511570617970545
2011-03-01,3.05481616611461,4.640467720765442,8.113059883169688,3.1386136407819074,7.572196286104298,4.955183038012625,8.001381255797286,7.916854103735275,7.144261560684477
2011-04-01,3.003886671996389,4.535397644384353,7.755717375794411,3.182156302135091,7.465004696031226,5.038114071199265,7.695684384981581,7.6502571747400685,6.88340771890118
2011-05-01,3.083751880312142,4.699670942042013,8.214834575902227,3.241977944883985,7.281526119465782,5.490331585576354,8.02212989632893,7.876261989877312,7.296648454876219
2011-06-01,2.992031090253143,4.711066964358959,8.745488831855212,3.1723151699086185,6.972697932692919,5.288414032913889,8.379464504364883,8.102381120108143,7.623604343565016
2011-07-01,2.9623281087296762,4.62620300639965,8.465208457099891,3.117999592180142,7.006892391946389,5.303565133027819,8.164110502814125,7.936181018530073,7.414479594278002
2011-08-01,2.7670310766281436,4.497026570064512,8.714859811740046,2.7928587479953175,6.586152781648019,5.010066251866895,8.275352938695827,7.9426377257051985,7.510385162112839
2011-09-01,2.414647561588199,4.073280819196697,8.285557659968878,2.433545832958794,5.604053892723947,4.201933183438363,7.731921284832212,7.312799919792775,7.040641156706305
2011-10-01,2.1633865200063753,3.79720911937216,8.171408256571368,2.0769958637048638,4.393689880245044,3.6818203927622752,7.391448104673371,6.80098158891302,6.896998478069739
2011-11-01,2.3152655557612833,3.9557121119058603,8.184859127817623,2.2795771334931065,5.000961272069344,4.156174348420162,7.527498043505407,7.029849458402974,6.959307035301963
2011-12-01,2.3732992844986236,4.06847274619186,8.426841838277552,2.359097393309875,5.171916646687477,4.284706471931431,7.754815736719757,7.246065603103464,7.1679328878572495
2012-01-01,2.489300850069881,4.32215953314525,9.182042488097343,2.4704260241947105,5.21121890044299,4.501775028762448,8.362211413133291,7.741563137809177,7.7533349032990495
2012-02-01,2.688153643335933,4.487170263748535,9.056493814258125,2.7514523765778396,6.246546299151612,4.893166075710578,8.476336965915882,8.037140348410016,7.710180755821577
2012-03-01,2.7632959347029895,4.5555739352440545,9.066261738101305,2.9152040610323855,6.061457411899679,5.270533875676339,8.445874140512165,7.9762204418114,7.778668246961196
2012-04-01,2.7569391351818706,4.597206229829299,9.347452657836273,2.9475692773314335,5.585491744181892,5.380048235637069,8.57074159295771,7.982740272055983,7.999883371243694
2012-05-01,2.6510723107495644,4.513930480610345,9.360995581718893,2.841200295674292,5.73030556512027,5.155340548002456,8.61138681125291,8.043903917879957,7.9545252891995
2012-06-01,2.3037075634716784,4.100070126310198,8.982556257087397,2.4416845634357096,4.497020531695017,4.5937145880473595,8.056457015189569,7.3553560574978665,7.563418010251393
2012-07-01,2.5644992794713697,4.492879101753889,9.76980797529034,2.6400163367955303,4.836224343200588,4.919823382150591,8.751204139091355,7.980071635142382,8.23671469298982
2012-08-01,2.6741550060394386,4.716474096852765,10.386920664915685,2.817865948651779,4.936057345176156,5.267278396358259,9.26151775499948,8.40953228378158,8.718949143757508
2012-09-01,2.7345927604555067,4.752819569517485,10.294379568470537,2.902135177556209,4.89353365682036,5.435553671271485,9.179303353701997,8.335135776720609,8.699586266444246
2012-10-01,2.8284802229992736,4.8834201339667525,10.473797487999319,2.991375317003074,5.126990260156901,5.818263256894381,9.36987782119655,8.534157140022888,8.889158556818336
2012-11-01,2.8177031741460254,4.819929673318119,10.276616429666925,3.027883056379615,5.229336906343425,5.612637004526748,9.234537899154448,8.445634655794713,8.717254030861412
2012-12-01,2.833642698768451,4.828814839639786,10.302771192707432,3.1144874685826123,5.028227914042505,5.875201318687435,9.213771110388949,8.38934523839096,8.742873462300153
2013-01-01,2.921670385100463,4.925853863799765,10.365125705775482,3.1797480373023874,5.420729020353641,6.003996733187117,9.344287375980034,8.571465489227554,8.813299433679065
2013-02-01,3.0173877741057664,5.082331425689169,10.80319207132854,3.2789559737912377,5.320438191603304,6.206704445491029,9.671204426426797,8.814234555209643,9.145677248440146
2013-03-01,3.016726108391271,5.136884610179543,11.142634431441788,3.427212279871788,4.999073927524277,6.157141665702894,9.874215985069862,8.913958578653157,9.384131606957345
2013-04-01,3.0713490849586322,5.305601898539335,11.76391947603175,3.5116308384750092,4.649318298152431,6.200888481088096,10.295018981926669,9.182983088020665,9.860446621440227
2013-05-01,3.105661949280504,5.387044584204219,12.11116958397251,3.4150851197447945,4.253055055352124,6.245415227080167,10.488763605195494,9.260512451198974,10.15005090741565
2013-06-01,3.1365110652309967,5.3705101927784975,11.92797588230911,3.5376913491479867,4.359149442338283,6.411867282686699,10.365296064918534,9.182262162110396,10.023221355601722
2013-07-01,2.989240209297641,5.196237640511133,11.807462996762458,3.381285037546839,3.7602084719403988,6.083630462754195,10.146006987084654,8.888191651477838,9.865497535725394
2013-08-01,3.1919595455289147,5.3906499404052015,11.894898961723829,3.645803550781169,4.187542768374823,6.332434269530014,10.303618037871928,9.098930839094853,9.988090010124461
2013-09-01,3.2133913782365324,5.442400690393033,11.995831367701877,3.6484613811555673,4.466174787001285,6.293881877719492,10.441238383835566,9.264326858791073,10.050619080990344
2013-10-01,3.3615628749641684,5.572077238855476,12.026065270081219,3.9106302002015974,4.430745462136193,6.458300706339644,10.457914859469627,9.270739898262184,10.124082632671628
2013-11-01,3.4746918963459947,5.727302684683027,12.309189486006526,3.923776541194409,4.590136582414281,6.5839144352694055,10.71549298544431,9.508978124673531,10.359895068339572
2013-12-01,3.5355259637771748,5.843261810766528,12.64972759549867,3.9996120361429512,4.457706602582152,6.863126073533112,10.958381153421909,9.677939068153606,10.647016500759218
2014-01-01,3.5959094302640366,5.907215210759482,12.682059051200795,4.11843327777401,4.563009292126913,6.979425605698693,11.005777899726903,9.736741773249802,10.68724035239024
2014-02-01,3.4962740683661266,5.838585440804422,12.837582870294758,3.93039492382937,4.448224408359304,6.5801950329348715,11.10549464343566,9.794207653647765,10.743272847293772
2014-03-01,3.6676580363458537,6.09808136231048,13.378400745744658,4.038076765998508,4.705782261223453,6.803005851443688,11.587829846492816,10.232268384792349,11.201143081310272
2014-04-01,3.7456019258529123,6.146197924297259,13.316839163602095,4.176280227501923,4.672352008121116,6.888908199065875,11.53207600554919,10.180911606310891,11.19877884503804
2014-05-01,3.7710796736650103,6.28137835400003,13.835768728278246,4.080856919795454,4.660758266531652,7.0657808647620115,11.941473474741136,10.507386005447197,11.595873093035914
2014-06-01,3.8510863824482966,6.387407819916386,13.97432466040187,4.1856562189247,4.6714762600442405,7.290646436097113,12.053635242567182,10.599566178387034,11.757802876662598
2014-07-01,3.871011610444284,6.495678061741981,14.397426345542144,4.074194058897163,4.831436264225416,7.267751018814024,12.422408230475325,10.927209148357111,12.074968184398577
2014-08-01,3.708626592292843,6.304675333631484,14.16761014344277,3.8485932515684342,5.0065992958549534,6.680626898803217,12.276205489431304,10.844306374363608,11.800145527406425
2014-09-01,3.8611328331962094,6.586973116863578,14.921972196479723,4.025170904419,4.937642304162122,6.989603659409942,12.860583991834677,11.29999622642342,12.416394077559481
2014-10-01,3.8431619341109293,6.672272993862315,15.511786908823536,3.9119162270588927,4.562605990183334,6.883777460034279,13.25119589685027,11.539796766700016,12.839706460125806
2014-11-01,3.759253373261253,6.462288559459576,14.83164567366125,3.8525770865381896,4.38087737954305,6.885210414438246,12.673956909508497,11.040461872029661,12.321883879479598
2014-12-01,3.972599125112601,6.798213802856912,15.585822287059997,3.9929074671308773,4.269701979886979,7.392227253701314,13.249471069385939,11.480717553985798,12.968075267054193
2015-01-01,3.9187703739643287,6.662706479326255,15.170040446529281,4.02214072659262,4.220070965135456,7.285273354839018,12.909284629838966,11.197762084251945,12.629946495079732
2015-02-01,4.300163467606326,7.289381348149538,16.604640165683453,4.353530244145098,4.330704240287389,8.237606201148084,14.070534702103593,12.1520706593138,13.839239022936763
2015-03-01,4.6447496720755375,7.793476635016009,17.62751056818981,4.784829693674495,4.921802150722557,8.671110928910378,15.00426013066539,13.018308773101136,14.652936817629055
2015-04-01,4.771889614483113,8.045135904009758,18.435439455337384,4.895565847724848,4.527288250571651,9.150585960500806,15.563931526919665,13.390032263712003,15.306454437162008
2015-05-01,4.688242618953205,7.926568064212809,18.173945237520048,4.810925584071193,4.792037427441539,8.668308230476793,15.411086831716744,13.319442044324711,15.046742657534791
2015-06-01,4.784868169657337,8.107260693616135,18.655043078295098,4.904000712599308,4.601256772802348,8.910379636437808,15.75346779890381,13.556805094132473,15.452577144611485
2015-07-01,4.562980513158907,7.714644176392357,17.748978809516135,4.630501520342382,4.198524348863923,8.608673145522292,14.951322933818943,12.83333265713166,14.699927260917587
2015-08-01,4.731133003072796,8.132510691256874,19.129706206458824,4.772724291934697,3.7826429275402838,8.878539439825941,15.961121604354824,13.562312591882316,15.774684069555898
2015-09-01,4.061843628747361,7.06437094317424,16.81536162773077,4.168072470186603,3.0955584987064677,7.5538118863166455,13.982744534410505,11.838282727744296,13.830140036600055
2015-10-01,3.897253826783134,6.86048341791279,16.580558666048333,3.9534792727751045,2.6836085741849223,7.2021846028468515,13.711368279443413,11.539216769052112,13.601485572703439
2015-11-01,4.339994680063166,7.4636483863369705,17.619538762577278,4.3910026333266945,3.130544732640506,8.085178188940866,14.628111994635372,12.36342222736071,14.538335223215125
2015-12-01,4.426202157023755,7.560161689568988,17.840705920624245,4.619409331195855,2.848400473850762,8.171101642851683,14.74536460507171,12.40200456757491,14.710560028697932
2016-01-01,4.202126344772352,7.282577587017968,17.52974875635846,4.302554956953571,2.400145701388879,7.697611440647107,14.406061768763994,12.041240717183044,14.398505283585923
2016-02-01,3.8332663226919426,6.7382715578213075,16.348113120320694,3.9815532837622305,1.9923451232389215,6.816103506813656,13.384193547604292,11.140326076394048,13.40290746771705
2016-03-01,3.810958068950229,6.625147539104848,15.744661804606986,4.080967471828545,2.5245648887331393,6.984915503179606,13.015212660687475,10.948856749270586,12.948955626530894
2016-04-01,3.7580488126915856,6.458061003309886,15.055383252609849,4.144148784257529,2.6277431829728446,7.09217477695794,12.489544496187099,10.547053697498042,12.458221737660132
2016-05-01,3.879808872811637,6.689617958469946,15.59020939877599,4.232933948088997,3.1771352444521304,7.278150620124515,13.027377955947472,11.08716466669056,12.900714371449919
2016-06-01,3.8974488830489236,6.826388636585932,16.37855653800515,4.340800863542347,2.6838715735865266,6.951072680686049,13.551123610332885,11.410587714735891,13.42624769036224
2016-07-01,3.787706147183942,6.823884617760445,16.60352310831345,4.103206658738543,3.099916765881255,6.921507548621558,13.815539483465493,11.704870990048867,13.596524939715513
2016-08-01,3.9516982600091284,7.0416971435226525,16.986858359263003,4.320841348410497,3.4315276314598524,7.160628365102486,14.188194484243521,12.06944164920428,13.913984010593401
2016-09-01,3.9180077151593116,6.763545703599958,15.73622551323323,4.503410221644497,3.228779813269657,7.542737591335464,13.153908714663414,11.19894508263785,13.024174018685827
2016-10-01,3.9496329033388564,6.825032700505409,15.843382071743793,4.48482211201436,3.6479363205166404,7.504132433747942,13.325480390353716,11.419284381292098,13.098715635268755
2016-11-01,3.7942701559473293,6.43572714847163,14.554844990497582,4.284907370654526,3.8378977084286596,7.404290618246502,12.342196235596248,10.66709656588845,12.12042276932977
2016-12-01,3.866633909404286,6.526699934948616,14.690205524101522,4.521720262264313,4.479293886846996,7.43430816296788,12.582033295254382,10.986030027970953,12.185404300983485
2017-01-01,4.186049847108283,7.0050405208010575,15.707529687194386,4.784534604368181,4.513807646196498,8.082858960929224,13.396444223971775,11.646823248531536,13.062358404142651
2017-02-01,4.207554208153447,7.019720993841216,15.620652356741155,4.878830724633622,5.069642193489825,8.152166309431177,13.442261451601027,11.793100081736032,12.979962386582722
2017-03-01,4.4071868312519875,7.396561030589317,16.64823237222369,5.0823445056527765,5.09890750987495,8.328880907150351,14.263727815340983,12.458525346103192,13.78768637059379
2017-04-01,4.44915002919764,7.43374675059986,16.636718253413544,5.169816940895175,4.780527550180112,8.569424609783677,14.188857623383884,12.33569038176291,13.836823678242567
2017-05-01,4.519445690484902,7.53019244309038,16.861194994176124,5.445539698519218,4.632367632098885,8.803372263551044,14.33639936033495,12.42498716169958,14.02602175756001
2017-06-01,4.596119977257457,7.719323402467111,17.459985249876457,5.465465150095184,4.432229608253469,8.797967392845624,14.770242210808583,12.73395359060294,14.50323301944775
2017-07-01,4.461745999220277,7.477558874023664,16.865692733705593,5.36464803323261,4.546875811647131,8.593963738042715,14.322318810391113,12.396840549456739,14.011397185829162
2017-08-01,4.393160159974141,7.264561946367019,16.081493386118915,5.267416375077585,4.796965267970937,8.320810595452626,13.751659916120895,11.98784597121475,13.398318684908896
2017-09-01,4.382482377141939,7.2822677361764905,16.144104573994174,5.231628510123562,5.081566693356571,8.29177233028388,13.860102912406443,12.130987620666355,13.45863125570411
2017-10-01,4.592561632912776,7.597110427304411,16.818887301194188,5.596703488015994,4.9845520798905945,9.004341390412526,14.375538275815511,12.525787595769575,14.050488060623687
2017-11-01,4.674465651747103,7.589069100042721,16.31382898149015,5.812531005424599,5.366363425089131,9.384880411339106,14.053581939623477,12.34245389732466,13.74417585472804
2017-12-01,4.4761747132536,7.315601410695388,15.883197246764766,5.524997999450326,4.981318093483028,8.94426350363559,13.632363241354625,11.928359821731394,13.352462797521389
2018-01-01,4.555046005271229,7.412446286900859,15.965784398454666,5.59755323872985,5.567792927928192,9.00242352579362,13.818983004478437,12.193740295591992,13.403857287086252
2018-02-01,4.6054782735467725,7.378178439649746,15.630538585307148,5.758743790917828,5.764363598294629,9.162490665162482,13.593535985146385,12.051418839348596,13.16156123500996
2018-03-01,4.353744122647175,7.007189119690741,14.936246416005618,5.425599491026417,5.377666460192458,8.669445250840592,12.962751246427649,11.46871187851121,12.557428327170626
2018-04-01,4.294889869929785,6.953754952849432,14.943379609015397,5.35555612796825,5.2426540765554535,8.415826206425166,12.940536884388312,11.424279344760475,12.55492014102397
2018-05-01,4.479581918425436,7.208469517501086,15.33820683447836,5.502463456244706,5.4698915057098585,8.78223631527677,13.300762434930682,11.758310245410875,12.92411847220241
2018-06-01,4.560512155058697,7.413539010971191,15.84944534128739,5.761846033195939,6.009788247860498,8.99799790452167,13.8179159121122,12.27994415105992,13.309402932040758
2018-07-01,4.3876337444599285,7.230785215789667,15.686763824127702,5.524745995775238,5.475708026909138,8.775071513298482,13.578556168097391,11.982532275174686,13.166572988724834
2018-08-01,4.586959252318637,7.650128747818448,16.933878053637457,5.826824255637853,5.434946554207359,9.208587047925525,14.55977423737242,12.762449475511044,14.139300169505427
2018-09-01,4.491457541093473,7.521708895869722,16.76185031695151,5.831077200250275,5.089718231074869,8.998588319594626,14.35198703567899,12.52758971101067,13.97411384533696
2018-10-01,4.516094792479336,7.556332907312763,16.78460081556472,5.8118338587409335,5.37254309374008,9.09681804451278,14.428432463658549,12.644686380179438,14.000356888149625
2018-11-01,4.220311143662745,7.188839307910748,16.33142663193006,5.182466476940979,5.050762303528878,8.179623866223578,14.002388351743356,12.239178832758926,13.535659422788523
2018-12-01,4.201942195028302,7.19449965284035,16.527790444283227,5.103381305701531,4.676379097397721,7.928723479678314,14.080916071777047,12.228495451893574,13.661296703556289
2019-01-01,3.896857977336833,6.736769948619992,15.513660406544638,4.631430908948329,4.493955784965021,7.4399662888329,13.23850193182836,11.516080664606916,12.846181724191927
2019-02-01,4.2075731945012205,7.152660253575338,16.171682508495532,5.0760018303890435,5.216290713143712,7.936056527444485,13.909799824542283,12.197431994976098,13.437916652731912
2019-03-01,4.420623640330854,7.509766173569478,17.00539263765122,5.3501287762940954,5.4102915935315234,8.449510851181934,14.611433977914517,12.79907710082989,14.123568198943602
2019-04-01,4.553744136539002,7.747542272646971,17.516047475561454,5.481342691249932,5.786368050272074,8.624244524108683,15.094302893872277,13.260911511241702,14.536812380162509
2019-05-01,4.621464544027015,7.696245108129234,17.04530150412986,5.824277603809956,5.458688210770837,8.902708199022547,14.653093515195314,12.842063629099842,14.22787035616765
2019-06-01,4.348230919653902,7.442975755664091,16.98292290694473,5.3463553426119645,4.895203252859648,8.33341172134336,14.487257626439924,12.59790165668399,14.09583517438328
2019-07-01,4.657610382278163,7.921027273493771,17.91369704628266,5.8049242016690386,5.4811221801659915,9.046359932922183,15.346830403583589,13.403573091979892,14.895916337780404
2019-08-01,4.620773649794283,7.9462639784592755,18.296029492706143,5.738935991347011,4.934741382146133,8.909788721712776,15.537420624223781,13.449000388151589,15.161826914424733
2019-09-01,4.550225629679451,7.9734794249934104,18.71822221477906,5.610544688995629,4.530813563818317,8.752323937795316,15.789052445858978,13.571505325308005,15.471753158475458
2019-10-01,4.652253263994178,8.017007267058435,18.488548009790744,5.680517115778107,4.702380192547221,8.992372336557743,15.642218322705961,13.48738727787404,15.35529652253579
2019-11-01,4.8710356634584375,8.340431000982754,19.150019595019362,6.068829718069651,5.043596743740829,9.350015780902277,16.23756867606029,14.03268094526438,15.893929214157309
2019-12-01,4.895250805097355,8.423313353536358,19.460113820151655,6.205682094266406,5.130254404321104,9.393836073883852,16.501531932018647,14.261720157711201,16.1080437223802
2020-01-01,5.109194983929337,8.772478623219502,20.198718377521853,6.438863629910092,5.4091091105949305,9.848993241593993,17.14521509651437,14.833542717870888,16.75552002475971
2020-02-01,5.063975670408857,8.808922677796984,20.61727450207529,6.439387566918082,4.879998702616606,9.514529669770766,17.36811604958025,14.908318263076401,17.074265711950517
2020-03-01,4.59442760855624,8.125790832958446,19.307734570048552,5.646737884637653,4.259593512268347,8.649711398835922,16.200857938401516,13.848774091625382,15.980766649882975
2020-04-01,3.7156278453598017,7.130691589858833,18.234604501151022,4.018159966055525,3.3096330790774986,7.389097395777128,15.15316143499171,12.820327866705497,14.866941326733953
2020-05-01,4.169782648959226,7.881423697575508,19.96517238838433,4.637650756551653,3.6564170605985926,8.32258064104112,16.598029414239978,14.048904832357694,16.298768715998207
2020-06-01,4.462947912944128,8.287352082922878,20.546854312439176,5.1433122211678794,4.28137486560312,8.84697139515946,17.18864397250887,14.646284827931002,16.834384063601366
2020-07-01,4.578128014377531,8.396943760242987,20.560119119126416,5.352883653324161,4.338614697136964,9.211474445614781,17.210986715987694,14.675501349467332,16.921075028857366
2020-08-01,4.654194972413028,8.437921819164469,20.222847514186835,5.598565624395021,4.641985318185197,9.907680669970116,17.00598072151645,14.570631724390461,16.78859554356901
2020-09-01,4.661853955118457,8.300081898285379,19.487578017848655,5.802406919231411,4.756965226380678,10.060087922559134,16.44625337600228,14.143802576213723,16.24586391379111
2020-10-01,4.640581985752542,8.342569042357018,19.77219516098889,5.869994911886299,4.590562992227481,10.070265763090163,16.637752307281502,14.264804993589047,16.463769076083686
2020-11-01,4.4061002954352855,7.900155336543146,18.60866978801702,5.72411280527682,4.371571542487212,9.573922227665724,15.669238056522744,13.443925364575323,15.524925145787291
2020-12-01,5.009986798318335,8.59443190035134,19.39795147004321,6.540866884451008,5.455768339575807,10.58103319441267,16.519404870616963,14.340190285173918,16.300309721994676
2021-01-01,5.112627059907133,8.721351717679008,19.488255599083697,6.778746064708947,5.932318074311737,10.739330191860862,16.68945207967727,14.570610139509085,16.40897180237633
2021-02-01,5.190784793624799,8.855752765435533,19.768792832238507,6.839689592582826,6.236828764578928,10.733556172971964,16.974938228637473,14.859843843602185,16.614899154891397
2021-03-01,5.3227129635112265,8.85891568884364,19.230794501243594,7.209420277876922,7.162342309907006,10.76379489689231,16.739097149700104,14.852757417163286,16.177735691724795
2021-04-01,5.636078548000204,9.213496691028304,19.661988261986245,7.614652343327441,6.8907347947983295,11.695266089228397,17.025187528228134,15.028996815450721,16.66511993164993
2021-05-01,5.735988849826634,9.436648328426346,20.263365170449173,7.766382528627653,7.190427041884685,11.771390604873341,17.564278339393432,15.520933352931753,17.12241469631252
2021-06-01,5.863638935901185,9.590014154227442,20.441827603049806,7.945295884730799,7.514109593916991,12.058936156569702,17.772722375276413,15.752076508794245,17.28985873881363
2021-07-01,5.967253086465368,9.97259170622584,21.967334616760557,8.070897282892721,7.090246231193273,12.22377635513349,18.895760758295395,16.57041875998536,18.419361468404173
2021-08-01,6.175288112399094,10.298511638582001,22.541906575740512,8.417306589124644,7.742679415313122,12.576783860765486,19.486405957861187,17.173235091318823,18.893697390002846
2021-09-01,6.334322259809822,10.5652590319659,23.264660882783087,8.645231463071582,7.241738866560473,12.830835286087353,19.956514660520387,17.45207392517973,19.495645518997677
2021-10-01,5.92651405356766,9.912038899927243,21.99141404368061,8.123145488747639,6.504426141749487,12.154964208269975,18.79392016135272,16.37324688473145,18.402493207614185
2021-11-01,6.32293301903851,10.583309524307872,23.637924455057245,8.430421472185275,6.839146475390519,12.867638721841816,20.169595442726358,17.543883804468337,19.767314210560297
2021-12-01,6.237121019143422,10.402549609745007,23.012048965644368,8.408095765729735,6.914212083610003,12.766184765170985,19.68843619291318,17.1722851522383,19.286738257126206
2022-01-01,6.544393789578404,10.913365769714519,24.097042243343935,8.930109015837427,7.346680661751037,13.416273442713587,20.63870726050448,18.020564594516813,20.208733567105472
