time,equal_weighted,historical_average,Bayesian Regression,linear_regression_1,linear_regression_316,ridge_regression_1,ridge_regression_316,lasso_regression_1,lasso_regression_316
1987-02-01,0.004450346205791457,0.03235501938384472,0.09040174568160843,0.05681908248220343,0.008885186727752405,0.10699300699300718,0.00888466528729257,0.09273559633248274,-0.050061359911614076
1987-03-01,0.04568276453571271,0.10573938742546637,0.2314121336301527,0.16127089942255418,0.04678606136332109,0.2634032634032637,0.04678516574793101,0.2332532944609393,-0.054138217929127375
1987-04-01,0.06761803031913335,0.11839621642208153,0.21453571422416917,0.15548437039517188,0.11425794807719039,0.23659673659673675,0.11425671029228524,0.21862716286366865,-0.026760203286216925
1987-05-01,0.09806877413487174,0.15381408955309112,0.23999105443828367,0.18408270693710527,0.18811606275163167,0.2659673659673665,0.18811473763340897,0.2528536064818548,-0.02164499193559005
1987-06-01,0.11356159528926978,0.18613188260783725,0.2952545207837828,0.22207671887247846,0.2254616132167156,0.3240093240093245,0.22545980808486185,0.3070197853675189,-0.05642742364025323
1987-07-01,0.13291494771318624,0.19971963732747874,0.3048471637839157,0.2341532443266226,0.2497570456754133,0.328438228438229,0.2497552247560078,0.3132374876988204,-0.01462012904939002
1987-08-01,0.203822517706539,0.2827048880479528,0.3875889008180501,0.3075485014069463,0.49826461196723615,0.40722610722610786,0.4982608909206924,0.40931957403199914,0.019380112270566397
1987-09-01,0.2009985192836416,0.28160880540047717,0.39099247028379586,0.29844326636978585,0.44731361932528146,0.4060606060606067,0.4473099871046151,0.4022410477537876,0.0006406305183320107
1987-10-01,0.22817953232640537,0.3176921737679138,0.4484333998957434,0.34396281443149573,0.5000694155213109,0.468298368298369,0.5000653335696227,0.4619147267976915,0.022380930108811134
1987-11-01,-0.0850353022960292,-0.03422282864089841,0.01436542572375697,-0.04538741161871859,0.034846591697903946,0.020745920745921298,0.034844524285626455,0.016029099881490573,-0.21585139786525281
1987-12-01,-0.16945139629291076,-0.11769553595248666,-0.06688525072395866,-0.13524313319201864,-0.03512425378314577,-0.05990675990675942,-0.035126508559168726,-0.0641694821170701,-0.27982780982542144
1988-01-01,-0.14493050337113192,-0.097418658837108,-0.07578040709128328,-0.13872319251278026,-0.004720255449118361,-0.073426573426573,-0.004722554988748306,-0.07300929169151191,-0.26445507876083596
1988-02-01,-0.13686493602302752,-0.07926354402119724,-0.03691259138457279,-0.10987250282549742,-0.01193946966541715,-0.02167832167832129,-0.011941489297497162,-0.02964359222964793,-0.2675692352318163
1988-03-01,-0.08252834313074947,-0.02975630675953348,0.007505632195661138,-0.05719875262725757,0.04984034430098584,0.01911421911421951,0.04983830015665429,0.014238921058135855,-0.20235415912807
1988-04-01,-0.08349093628144443,-0.031687899182702,-0.01411290530534984,-0.07347196220450239,0.09037900874635586,-0.002331002331001919,0.09037670647206196,3.763638248153534e-05,-0.20890494305214108
1988-05-01,-0.05954218993879084,-0.003931948581833753,0.009492861506659397,-0.052295388777474944,0.15326947105372749,0.02097902097902149,0.15326669165845233,0.027433224271801462,-0.19256984633603333
1988-06-01,-0.045642071892802165,0.01585986825454146,0.04105706234142835,-0.029234268459213703,0.22212966819380814,0.053146853146853745,0.22212599788018741,0.06333170306280858,-0.21414841297607956
1988-07-01,-0.002107473709937257,0.061792696323811666,0.08708999801790543,0.014738772335575773,0.27682909898653346,0.10046620046620114,0.276825462568547,0.11161799938665479,-0.16955830178791786
1988-08-01,0.021732987459449824,0.08594651244498062,0.10731098892312312,0.035738698397098353,0.31445231153685965,0.120279720279721,0.31444851704014565,0.13303230985702905,-0.14636089629925636
1988-09-01,-0.03302719986873684,0.027414166985001473,0.044516655106739765,-0.025382108196496757,0.2614188532555877,0.054079254079254735,0.26141484401778037,0.06923729140958361,-0.18963444127130577
1988-10-01,0.02796047726245203,0.0948764435877859,0.12047150476343972,0.04541313713069967,0.38442315701790897,0.13519813519813617,0.3844185888319421,0.15403586954840712,-0.12766821456704314
1988-11-01,0.06748320361353087,0.1332659134178413,0.15707562576466508,0.09002173749953293,0.42523948354852104,0.17226107226107312,0.4252348336440275,0.19150506424674785,-0.10281103134785106
1988-12-01,0.038562644160257745,0.09803882923691577,0.0990964436163011,0.038127892833784566,0.42482299042065763,0.11142191142191238,0.42481807352615064,0.1376342127390806,-0.12444977171254054
1989-01-01,0.06238948708588981,0.11833800847759779,0.10678862247968336,0.0483491246732227,0.4456476468138272,0.11398601398601493,0.44564264341715215,0.14316836035217817,-0.0977406672577079
1989-02-01,0.14930952954432197,0.23230165286660023,0.2468803136429943,0.1605279091702421,0.6173816465361651,0.2680652680652691,0.6173755258029653,0.29634757292009434,-0.07658423287597774
1989-03-01,0.13341399638401408,0.21870325069308758,0.23692362864810923,0.15372271603871407,0.6394557823129249,0.25967365967366063,0.6394491039252558,0.2911322643268171,-0.10940063411269535
1989-04-01,0.17487315076579843,0.26619999439911224,0.2908781107663314,0.20632970379563947,0.6899902818270164,0.3167832167832181,0.6899834195215329,0.3472429102632546,-0.09238031226139355
1989-05-01,0.19226890380059186,0.2911604784683792,0.33073449694470985,0.24016621631264046,0.709010134666111,0.3610722610722623,0.7090030281409397,0.3878649664558592,-0.08579017237362324
1989-06-01,0.20508707461381293,0.3027581375291126,0.3268083549602117,0.24223434336486843,0.6963765097875881,0.3505827505827517,0.6963695927813931,0.3784040862860899,-0.11084632191661917
1989-07-01,0.22141518767748225,0.31856863975756655,0.3539431014086586,0.27498129076020267,0.719838955990559,0.38717948717948825,0.719831964522541,0.4130043737351259,-0.06957089428977802
1989-08-01,0.28023464738177056,0.38046996372926534,0.4476333754294567,0.3635997816927509,0.7688463140358182,0.4962703962703974,0.7688396350365636,0.5140420348550347,0.01697823720567777
1989-09-01,0.34118716522337067,0.46531815283213096,0.5924366211908442,0.48272273465509546,0.8785228377065111,0.6585081585081598,0.8785158802264665,0.6674842483171901,0.07122933601030855
1989-10-01,0.3132431013015945,0.41823011997971227,0.48675586545119925,0.39984397792744697,0.8418714424545326,0.5412587412587424,0.8418648010482568,0.5620075509140829,0.05705407086796443
1989-11-01,0.2179290320690788,0.31794506492532937,0.4011266000489346,0.30879228495783095,0.7052616965153408,0.45664335664335765,0.705255537085021,0.47216536398154113,-0.006139446475898382
1989-12-01,0.27221833344892843,0.3758150182157425,0.4574829829326845,0.35896297042265524,0.7723170901013467,0.5191142191142202,0.7723108242312886,0.5355264694333527,0.04069762311083515
1990-01-01,0.3310425905096498,0.42958893664199016,0.4880297171686541,0.4012156994392449,0.8514507843953911,0.5440559440559449,0.8514444636800972,0.5669923580180805,0.09469273295358965
1990-02-01,0.3102445296621848,0.39856892852004777,0.42462900270639836,0.3494501040641899,0.8120227682909902,0.4715617715617726,0.8120165135861913,0.49974085696823617,0.06589050509070442
1990-03-01,0.26588305771204623,0.3568876123956125,0.3792121788674074,0.30430165343031235,0.789532139386367,0.4242424242424252,0.789525699421625,0.4549881502439868,-0.017183727277971073
1990-04-01,0.2961695259048256,0.38996134097358615,0.4142402906459594,0.34601858432046584,0.8904623073719284,0.46083916083916177,0.8904550959622863,0.49895288731681425,0.01641851665422315
1990-05-01,0.2656546557760698,0.357151161045444,0.3876811637790267,0.3205827682313601,0.8210467860613635,0.4349650349650358,0.8210398176867532,0.46867758836855133,-0.0030664172873740196
1990-06-01,0.35774339872267724,0.46232975940578036,0.510687166469835,0.42428315673116246,0.8933777592669723,0.5678321678321687,0.893371115284978,0.5928562201329762,0.07353387229756954
1990-07-01,0.3785166234990211,0.4844011023686948,0.5336584319323877,0.45157863844129564,0.9142024156601418,0.6004662004662014,0.9141961170267879,0.6238191313655499,0.09722449948038074
1990-08-01,0.34807357705034864,0.45275811774202307,0.5096320956248271,0.4232621806563368,0.8578370123559631,0.5757575757575766,0.8578306011433403,0.5955444206380809,0.08722619096482023
1990-09-01,0.17439870193704313,0.27582231959192505,0.34769227300052863,0.24753229319197959,0.5853116756906848,0.4109557109557118,0.5853064327602184,0.4192645682542819,-0.05578305709948486
1990-10-01,0.05784106347652749,0.16685078319201296,0.28834589836228236,0.1738071511493354,0.378592253227822,0.3578088578088585,0.3785880798940484,0.34817760627047595,-0.15095851301332136
1990-11-01,0.06559694686984172,0.17767369443192033,0.30983920550246397,0.19564810647629513,0.3697070665000695,0.3862470862470868,0.36970305829762995,0.3730493898846625,-0.1424322482180438
1990-12-01,0.09582874839353976,0.21858541150689398,0.36921910650621054,0.24072115456605195,0.39178120227682955,0.44918414918414995,0.39177715565565896,0.4303782949871458,-0.12852007957264638
1991-01-01,0.06909887791074826,0.2007134030517971,0.37477262862447136,0.2316576330397621,0.377342773844232,0.4578088578088584,0.37733853849703886,0.4355304375991224,-0.16839558460100104
1991-02-01,0.0938105917553265,0.22896344001061353,0.40786947370808313,0.2535780883023635,0.3826183534638351,0.4906759906759912,0.38261422594897165,0.4652920544892419,-0.13238899494907386
1991-03-01,0.21319451493758942,0.3578078538484397,0.5382619254607446,0.38361514172886524,0.576842982090796,0.6286713286713292,0.5768379021699582,0.6075976073146704,-0.047272561916156176
1991-04-01,0.27709358546948726,0.4512493958467216,0.7009294732235601,0.5127188189338403,0.6901291128696382,0.8097902097902103,0.690123549389622,0.777888827398229,-0.023695819368669508
1991-05-01,0.27168594102696286,0.4485172894432172,0.7062185802284715,0.5113431183252604,0.6862418436762466,0.8114219114219117,0.6862362783108412,0.778467600043156,-0.025742826838426
1991-06-01,0.31341740776398785,0.5072990161516582,0.8224801744974105,0.605768775118034,0.6935998889351663,0.9372960372960379,0.6935946555865283,0.8896525498728024,0.011166456763751421
1991-07-01,0.25677061666261414,0.46097192668187154,0.8205348250585167,0.5977590007444844,0.6755518533944195,0.9461538461538468,0.6755461141640823,0.8946016217854172,-0.049225211746607316
1991-08-01,0.28324692373425286,0.4983009840528916,0.8741685362524898,0.6337686614034632,0.702762737748161,1.0041958041958052,0.7027568294758247,0.9484090294675884,-0.05532219305345193
1991-09-01,0.31838523590008744,0.5498777628946637,0.9619993074775397,0.7064238857448217,0.7383034846591702,1.1013986013986026,0.7382974626634422,1.037056194594291,-0.06827139071584663
1991-10-01,0.2996913737581581,0.5310946976323497,0.927434595617221,0.6655158214197624,0.6967930029154522,1.0636363636363648,0.6967874011847756,0.9990756193503288,-0.09573139268793879
1991-11-01,0.2635827336889763,0.5227755388886746,1.0322026151073216,0.7327851299508834,0.5933638761627104,1.193006993006994,0.5933589115037224,1.0999209959348561,-0.13336717861100383
1991-12-01,0.19902905515888325,0.4547880413589672,0.9884170252869836,0.6832672014237373,0.4425933638761629,1.1489510489510502,0.44258949154161586,1.0437633019175534,-0.14167471096756268
1992-01-01,0.2218587019332835,0.5066764682980539,1.1476487171695762,0.8039544957892094,0.3883104262113012,1.3310023310023325,0.3883070916389957,1.1964218005301361,-0.12572388403497683
1992-02-01,0.29716777933282973,0.5861373142617217,1.2282518951471988,0.8825573562941506,0.5196445925308902,1.4128205128205145,0.519640452089764,1.283010403168123,-0.056527939241104455
1992-03-01,0.3158989828795137,0.5874289197306958,1.1620020581395283,0.8377495306578961,0.5389421074552273,1.3319347319347337,0.5389381687202062,1.2155683561474506,-0.051839361795084506
1992-04-01,0.2640853324529231,0.5354697836887914,1.1211275896925805,0.8017724690589476,0.49826461196723637,1.2857808857808877,0.4982602034468855,1.1707625786383802,-0.10454881915301886
1992-05-01,0.338692151463082,0.6006788212699088,1.1148155300117792,0.813237498891104,0.631264750798279,1.2703962703962723,0.6312599671846669,1.1729868816681737,-0.06874979644190891
1992-06-01,0.3639186513420805,0.6421546547740797,1.2043313948682965,0.8840453469620974,0.6347355268638074,1.3724941724941746,0.6347308966141955,1.2625950020326855,-0.04834332469055101
1992-07-01,0.25770984050687107,0.5079210461842699,1.001505310205883,0.7052789843693499,0.5142301818686664,1.147086247086249,0.5142257244848903,1.0515326591035203,-0.11005502340657049
1992-08-01,0.19541027198964975,0.4664228461733207,1.0386193634984122,0.7145084276638991,0.4071914480077753,1.1997668997669018,0.4071875643414528,1.0843311229645738,-0.1897159925992238
1992-09-01,0.1380396014128097,0.4097836701197057,0.9892915656868967,0.653317169888983,0.2897403859502992,1.1484848484848502,0.2897370832443797,1.0259677425863785,-0.24983377875404697
1992-10-01,0.1397586605208918,0.4228441558017434,1.0666046520327672,0.7041233317645395,0.2728029987505212,1.2384615384615403,0.2727994617077496,1.102068686066071,-0.2169747519171818
1992-11-01,0.15589677543273717,0.43835015026845253,1.1033878083411577,0.7358617470533434,0.20546994307927308,1.281118881118883,0.20546756692671828,1.131700244683526,-0.15150368761821836
1992-12-01,0.2075044118743035,0.4961555032778845,1.1484509015863003,0.7746686743391047,0.3009857004026107,1.3314685314685333,0.30098314638247303,1.1868195919263418,-0.12832076344644794
1993-01-01,0.24258477622674351,0.5332394017207612,1.1767620081401984,0.7989764802292342,0.34777176176593155,1.3592074592074606,0.347768969128881,1.216540043620107,-0.10871475774385776
1993-02-01,0.2595383436651166,0.5110983194191923,1.040106288473636,0.708555806030958,0.36929057337220655,1.1981351981351995,0.36928811546125334,1.0790956501465727,-0.04940825678394811
1993-03-01,0.3186439540407745,0.5485460592261254,1.003934966040008,0.6971153613497361,0.43093155629598845,1.147552447552449,0.43092922717170606,1.0435603141712242,0.026286656953298
1993-04-01,0.3225374802609029,0.5416996841910308,0.943021069367859,0.6498235562949877,0.4352353186172436,1.0750582750582764,0.4352329687192042,0.9813608355354535,0.0005016798899803603
1993-05-01,0.3285350572172782,0.5608923602118812,1.0174681259843332,0.7103222337096751,0.4439816743023749,1.1627039627039641,0.44397920275320935,1.0585467866383882,0.02039814991988208
1993-06-01,0.3516604967868906,0.6104334165839771,1.1404917429576675,0.8029383640324151,0.4600860752464261,1.3076923076923093,0.46008382527349295,1.186427547886232,0.022323739408640405
1993-07-01,0.4078595172089249,0.6517535068677854,1.1178127877968438,0.7954355907516418,0.526169651534084,1.272494172494174,0.5261676579227024,1.164149019272269,0.07195164500572142
1993-08-01,0.5047929895075007,0.750416167099044,1.192201676641914,0.8717744582648564,0.7110926003054293,1.342890442890445,0.711089493855204,1.2472486560189064,0.15017798883907743
1993-09-01,0.5581024351501295,0.8179416756971871,1.3027050983037707,0.9656961298330008,0.7410801055115933,1.4696969696969715,0.7410776568057483,1.3619687806398653,0.1887832484787808
1993-10-01,0.5384578796306733,0.8039527437896682,1.3198292628565553,0.9713426253720797,0.6669443287519098,1.4923076923076941,0.6669423371931377,1.3737120275520347,0.1741716198084003
1993-11-01,0.6266023787224343,0.9145942670496774,1.471047682864328,1.0888955284876543,0.7773150076357087,1.6608391608391626,0.777312898176247,1.533799694143778,0.23722070338559326
1993-12-01,0.6368701099586266,0.9367663937127153,1.5215445128544256,1.1287510835277592,0.8278495071497998,1.7172494172494188,0.8278467009012469,1.5874152714961245,0.22283202258215554
1994-01-01,0.7551931520219626,1.0805765728024015,1.7169027645860369,1.3053943556071093,0.9448840760794126,1.92843822843823,0.9448810453813492,1.7857369080907906,0.27170613060897375
1994-02-01,0.8395425918022756,1.1754471973381173,1.7862135440865277,1.380204054322475,1.1156462585034024,2.0016317016317036,1.1156425629499562,1.8683572489704048,0.28218428032723347
1994-03-01,0.7392133445609712,1.0688419854631952,1.6674286159281113,1.2773160408393267,1.0758017492711385,1.871561771561773,1.0757971644845543,1.7493943121616276,0.16839208105419606
1994-04-01,0.6975975547121779,1.0130759195042047,1.585096260836192,1.2102532061618505,0.9975010412328209,1.766666666666668,0.9974970079750631,1.6499089783748893,0.1598401199132262
1994-05-01,0.7300697095194306,1.0278156637262006,1.5419217267096545,1.1908482213595457,1.1031514646675011,1.7020979020979032,1.1031466786806117,1.6071062767682815,0.1973319542646772
1994-06-01,0.626846582208586,0.9269903265616555,1.4716052190981432,1.1136261792169306,0.9968068860197155,1.636829836829838,0.996802128586906,1.5364491181669724,0.1241256439216034
1994-07-01,0.57036220360947,0.8728818399736048,1.4331920712456439,1.073085627946626,0.9636262668332651,1.601864801864803,0.9636211209968603,1.501676200518703,0.07536131897768812
1994-08-01,0.6489996605252429,0.9280086615784285,1.3875810237738035,1.0617999699296046,1.0903790087463572,1.5333333333333345,1.0903736441425116,1.4581438475437078,0.13040767783315554
1994-09-01,0.6839135448445344,1.0045385389372041,1.5672816693066718,1.1928786819073949,1.1757600999583524,1.7382284382284392,1.1757542728488715,1.6451909808639344,0.12263115273329663
1994-10-01,0.5814447066893061,0.8868862229197519,1.4290116406282727,1.0696837481200587,1.0982923781757619,1.5955710955710964,1.098286355171911,1.5105748873683067,0.06298093730771633
1994-11-01,0.6123043129604371,0.9209742613212528,1.4734184698039747,1.1044773744292513,1.0653894210745543,1.6431235431235445,1.0653840434275967,1.5493405888750142,0.0809911198567926
1994-12-01,0.6090254980874756,0.9240230634540358,1.511910547337924,1.132782878234647,1.0170762182424007,1.6948717948717964,1.0170710836116497,1.5884325390899159,0.09331103612902662
1995-01-01,0.6050605595621983,0.9419916566073652,1.5989198259129487,1.1904309388576215,1.0453977509371117,1.7927738927738943,1.0453920725652384,1.6770598073683962,0.08576677056406477
1995-02-01,0.5876592108897591,0.9431863120121099,1.655138483163316,1.2225783757573445,1.040538664445372,1.857342657342659,1.0405327175095045,1.7327793451844948,0.0507088708579065
1995-03-01,0.5771253384064213,0.9473908453902212,1.7341550617099284,1.280004013482975,1.021102318478414,1.9510489510489526,1.0210960820102253,1.8120506374586551,0.06770662176586603
1995-04-01,0.5420174269669588,0.9256007595433726,1.7762145320616656,1.3031510450095298,0.9129529362765534,2.0107226107226124,0.9129473167949964,1.8517730913527364,0.03410738312898051
1995-05-01,0.606137773780188,0.9993033842958613,1.8635386100517046,1.376711557909827,1.0027766208524247,2.103263403263405,1.002770834310839,1.9435494720651327,0.0981573770354926
1995-06-01,0.6692078426769477,1.0679169835981015,1.9435996919270861,1.4476131179456402,1.0546994307927278,2.190209790209792,1.0546936580334456,2.0266477779930483,0.1518944170018146
1995-07-01,0.6566020181763192,1.0776288032323902,2.028113919731241,1.5004485642755672,1.0458142440649756,2.2946386946386963,1.0458084428794874,2.117310414134358,0.12841826293264175
1995-08-01,0.7201349195791701,1.1536255410746445,2.1140877707130925,1.5729461475671145,1.1703456892961295,2.3806526806526827,1.1703391475008882,2.207414323494896,0.1666809470341652
1995-09-01,0.7538433708435212,1.2093412052862833,2.241850089350062,1.6752850058508102,1.1117589893100124,2.5300699300699323,1.1117536796649006,2.3321304556237514,0.1804776830145064
1995-10-01,0.7649321640644123,1.2447644559002486,2.372944536980272,1.7725887433245364,1.1407746772178282,2.6848484848484873,1.1407688515485275,2.470463089355768,0.1979080419720419
1995-11-01,0.7473824251395614,1.2612013720336568,2.534569420619173,1.8737282540460376,1.0279050395668496,2.8715617715617734,1.0278996409535577,2.6180510083548065,0.22125875640003234
1995-12-01,0.7941655550184153,1.3226030000947337,2.662356337373377,1.977850304209349,1.016520894071917,3.0195804195804214,1.0165162451661343,2.7466370915317735,0.28258488962136086
1996-01-01,0.8179624815630891,1.3751021206266076,2.8123947506700007,2.0902395703122574,0.9954185755935052,3.190209790209792,0.9954141102361166,2.8915078257872153,0.3158317634604802
1996-02-01,0.9034926231541527,1.4649873624002967,2.884413073473086,2.156078478733926,1.092461474385675,3.2473193473193502,1.0924568312819931,2.953798337053389,0.3390316246685986
1996-03-01,0.9359399394627822,1.5182511055583274,2.9834106097211177,2.2317429373771684,1.1357767596834678,3.35757575757576,1.1357717914317251,3.054616931284811,0.3263299789683796
1996-04-01,0.9660087912765174,1.607322125954012,3.2436674664690486,2.4134403397472908,1.126336248785231,3.6482517482517505,1.1263311910822937,3.305200052033551,0.29387013543152335
1996-05-01,1.0108178010750686,1.6392811680175892,3.19299588148766,2.384323327951054,1.212411495210332,3.5862470862470888,1.2124064002435644,3.2609803907132675,0.30358077417259405
1996-06-01,0.9915991163843091,1.6020884650078469,3.1077104309967036,2.3196611503454267,1.162571150909346,3.48694638694639,1.1625663596205684,3.1705563876903233,0.2748374997692919
1996-07-01,1.0020469421831686,1.6403200686773565,3.2412335751033727,2.415352950567652,1.1398028599194803,3.638228438228441,1.1397979174921442,3.298619190695168,0.2781403123629231
1996-08-01,0.9174253183718085,1.5199522779354073,3.05110287011882,2.2631754040317267,1.0430376232125524,3.4331002331002356,1.0430327541925546,3.108415388045414,0.2721739070469311
1996-09-01,0.978204031343739,1.6165345737999486,3.2462307257971936,2.4110248783084973,1.0934332916840226,3.6505827505827533,1.0934282276114906,3.3046501869538987,0.27293080546472187
1996-10-01,1.0611916438456959,1.7282151590680876,3.4380753357994034,2.561579893111565,1.1715951686797188,3.8578088578088616,1.1715897443035508,3.4953400321012698,0.33132043628724245
1996-11-01,1.0744268983197973,1.7389567706120506,3.438205506696306,2.5587782884048123,1.1211995002082487,3.8550116550116584,1.121194887477223,3.487151932740129,0.34360183691988466
1996-12-01,1.188369200507615,1.873240952446439,3.604248479818329,2.6875543318872213,1.2103290295710145,4.018181818181821,1.2103245193324554,3.6406163517879966,0.4191913387997335
1997-01-01,1.2231874940350047,1.9109067993374154,3.6328716516519526,2.71004685355936,1.200472025544914,4.046153846153849,1.2004679566824905,3.6639457073965724,0.43277189948411504
1997-02-01,1.3741513551398796,2.1228697505418115,4.059220147476388,3.068436816117395,1.2526724975704584,4.5372960372960405,1.2526693743641621,4.101642831507895,0.5427577833883258
1997-03-01,1.4595102239480635,2.225247574948723,4.2090594519903375,3.1879912194202533,1.3999722337914775,4.6927738927738964,1.3999684766761842,4.253622372738198,0.6268968651611094
1997-04-01,1.4315947012743155,2.199162282250277,4.195990113438713,3.192841864704168,1.4367624600860769,4.6962703962704,1.4367586641357806,4.261430154078217,0.5993624097819019
1997-05-01,1.5644900093704222,2.3957977910787958,4.59621125063622,3.5090746260976586,1.4739691795085397,5.151282051282055,1.4739661519474225,4.663642354074612,0.6857498995829854
1997-06-01,1.6369265734072638,2.5077148275059087,4.831731562015236,3.6941533411220107,1.5758711647924493,5.424242424242429,1.5758671444576162,4.91301964152663,0.7473760132029221
1997-07-01,1.8067882326978093,2.778643592664404,5.4036481401623595,4.146047730679547,1.7126197417742621,6.063636363636368,1.7126151418283342,5.488990858742328,0.8232053365889589
1997-08-01,2.009787868455513,3.0152836547370887,5.7982862320594855,4.459037412361091,1.8302096348743597,6.488111888111894,1.830205140141294,5.879677215387667,1.0692939209672034
1997-09-01,1.8263973532985964,2.729292943996633,5.171703817921612,3.9808823085765237,1.7399694571706248,5.796969696969701,1.7399644758504416,5.2643744758942415,0.9368138875006061
1997-10-01,2.0231826535361326,2.968324719513669,5.559340378037546,4.302722346407534,1.9161460502568386,6.223310023310028,1.9161404066354661,5.660757470783447,1.0811423428573443
1997-11-01,1.8107571543777343,2.7095471696625175,5.2169451336736525,4.006961337022346,1.4602249062890469,5.859440559440564,1.4602226917269852,5.289911461697705,0.9815340580554741
1997-12-01,1.9209831028834508,2.878393783991048,5.5609963122839785,4.2682060421139605,1.3833125086769404,6.250116550116554,1.383312940276255,5.620220350170452,1.0910846327499468
1998-01-01,2.0041928246951537,3.003269058646569,5.8810964517342,4.508346607634196,1.3173677634319036,6.617016317016322,1.317368961568581,5.930034584784675,1.2639532537753826
1998-02-01,2.266741023095388,3.500516769583358,7.164560350556973,5.491612106832387,1.4181591003748444,8.0941724941725,1.4181617105609396,7.229960947025902,1.5574120844282242
1998-03-01,2.4538779552366865,3.6004551070109456,7.016170301100875,5.429125119615786,1.5711509093433298,7.898368298368306,1.5711550228723292,7.083952227565088,1.8162200275070624
1998-04-01,2.6970613210272685,3.820795030088013,7.106834661354698,5.5562723980674855,1.7227544078856045,7.965034965034974,1.7227595519744499,7.164573496837115,1.9792458449228292
1998-05-01,2.6581704177375425,3.6827170480229103,6.636221452439661,5.208564425833835,1.8257670415104834,7.418881118881126,1.8257707821718998,6.704992930228583,1.9469328609705812
1998-06-01,2.7336337739304057,3.7216818810073047,6.5370919672664005,5.159574974729867,1.8247952242121355,7.265967365967372,1.8247994011112567,6.576543658098263,1.978164371267893
1998-07-01,2.844841902517537,3.877697039127901,6.843950801708934,5.392532495524166,1.6440372067194238,7.613286713286719,1.644046114289099,6.860838778149999,2.097772670234482
1998-08-01,2.7945438641119784,3.7646928519391905,6.611216946308834,5.215100969062247,1.419408579758435,7.394638694638701,1.4194213161485678,6.648317410055407,2.2198028899620845
1998-09-01,2.2972565044020716,3.2764335089542236,6.085666550211292,4.733353876458857,0.9815354713313904,6.856410256410263,0.9815493194665951,6.116320736147428,1.7038318498881777
1998-10-01,1.9178901187896322,2.9017223466320434,5.6198126501821575,4.296564268888334,0.7688463140358193,6.36480186480187,0.7688589996468025,5.65041540647171,1.3041825459668848
1998-11-01,2.3342112525822767,3.410409267103348,6.480214198586478,5.002062915952573,0.9744550881577132,7.309557109557115,0.9744686129921157,6.505816077583388,1.749791386576761
1998-12-01,2.3833603715109297,3.4569555024274354,6.574894104322175,5.099203986816409,0.9596001665972524,7.436829836829842,0.959615337301682,6.619529723764617,1.8600380898809286
1999-01-01,2.631072330925182,3.7907102543086975,7.1707221367968,5.57649285017699,0.9534916007219227,8.120279720279726,0.9535107960597272,7.2163998293939615,2.146206108498006
1999-02-01,2.911976487242251,4.129916144118387,7.585819897413175,5.930434643309413,1.0438706094682784,8.606060606060613,1.0438956695207497,7.657021255345941,2.2556237031812953
1999-03-01,2.8102902845402173,3.978923405678079,7.196734899934156,5.618979567472319,1.0932944606414006,8.162237762237767,1.0933171965226902,7.27152162717143,1.9353951287829652
1999-04-01,2.8993810607697514,4.123800291954145,7.586742278730226,5.913777420728318,1.265444953491602,8.590209790209796,1.2654637957973673,7.6673646672935245,2.003123869949626
1999-05-01,3.0357245011166634,4.115182325004899,7.070533818882234,5.558950700422436,1.7081771484103863,7.9284382284382335,1.7081916515395745,7.145541586272136,2.107599774024382
1999-06-01,2.8904034308482074,3.9717083276101786,6.867486052027238,5.378134674505728,1.4872969596001677,7.715850815850821,1.4873127714061924,6.934967429303513,1.8272725126166445
1999-07-01,3.0964547439578163,4.201958096566681,7.116810454732389,5.595452580286621,1.8167430237401092,7.970163170163174,1.8167572635363713,7.20548049324953,1.952850761146335
1999-08-01,2.9198616611564403,3.9550306866103115,6.564717806946374,5.140900021447838,1.9695960016659737,7.324941724941729,1.9696060417804342,6.6569749368822135,1.7280990561928848
1999-09-01,3.0198337973824585,4.087241330309651,6.796129865329798,5.332164772259263,2.0973205608774133,7.5892773892773935,2.0973298086775882,6.902405668496253,1.8608099343976618
1999-10-01,2.9196292122597503,3.9640737509800816,6.653371566711794,5.212487323392337,1.9664028876856872,7.449650349650353,1.9664127703661416,6.766636966853721,1.8858512334849633
1999-11-01,3.161960136158461,4.30133663296164,7.283588058518671,5.708637316236849,2.0227682909898657,8.169930069930073,2.022782251946415,7.4134700576281665,2.0301135141758055
1999-12-01,3.6273813642673476,4.865001696118961,7.9154195395338265,6.197741394866281,2.4056643065389425,8.880186480186484,2.4056818041430703,8.099924060847417,2.0908643813340975
2000-01-01,4.126207641572701,5.168447905187189,7.3532901993983915,5.850582698483283,2.944606413994169,8.177622377622383,2.944629579762727,7.5881623194532,2.3033241275640175
2000-02-01,4.084458291289921,5.0447431307317645,6.885941786241261,5.493343402375134,2.4413438844925723,7.6941724941724985,2.4413793396337455,7.122951846700019,2.1008722580370884
2000-03-01,4.544784510152311,5.4211307801639075,6.867469071463612,5.531691278291487,1.9239205886436208,7.668764568764573,1.92397205486191,7.084211948373612,2.1125558430458224
2000-04-01,4.360940660953535,5.455872128462583,7.852243989761837,6.232465694134103,2.135637928640844,8.786946386946392,2.135678841397657,8.049447955291278,2.523997316549135
2000-05-01,4.398996393756505,5.531755150821898,8.149121505643956,6.47507302319478,1.9398861585450504,9.137296037296041,1.939926436120594,8.351785328476343,2.5075549155521846
2000-06-01,4.2144483980880825,5.353671583295288,8.09631262484427,6.433257837377453,1.7960571983895601,9.104895104895109,1.7960944497842684,8.292940363235239,2.5134063620454836
2000-07-01,4.144068601457084,5.372052445556979,8.53101643985656,6.744009406377178,1.8446480633069555,9.61468531468532,1.8446817070730412,8.740417143119084,2.565756060802665
2000-08-01,4.158813664258697,5.404851918594896,8.712723425745347,6.881757417671214,1.8611689573788697,9.813752913752918,1.861199972978287,8.91304255341607,2.6682251502890555
2000-09-01,4.393780752952692,5.6521545291142035,9.008859965089373,7.154191308329177,2.083992780785783,10.14801864801865,2.084024108813173,9.253412475859694,2.6757207066874704
2000-10-01,4.042607286172893,5.454033773327438,9.464329697500249,7.435303169388198,1.8410384561988051,10.713519813519817,1.8410638064314837,9.676836765026888,2.6329904601042
2000-11-01,4.186387683454868,5.579721441558842,9.448083887759756,7.4193277084469935,2.1810356795779526,10.640326340326343,2.1810600516259937,9.64701572338575,2.7986182102026524
2000-12-01,3.8776079388677482,5.341444817859026,9.567031635058159,7.44414355528599,1.9637650978758838,10.78601398601399,1.9637850496997875,9.726928604477903,2.9005299719635254
2001-01-01,3.8073003464153805,5.220035342936095,9.296705742983168,7.212536681762572,2.141191170345688,10.431934731934735,2.141206362400175,9.429193939598319,2.88788427509196
2001-02-01,3.779008990269586,5.053862787162158,8.632405201712142,6.752606922048651,2.2759961127308053,9.673193473193475,2.276011346730384,8.778159128780771,2.7041090053400314
2001-03-01,3.398533036118406,4.801699076078894,8.842004466151153,6.861063694390845,2.3190337359433553,9.917715617715618,2.3190401228647963,8.952858871171731,2.4618042384328214
2001-04-01,3.2038721809626525,4.599073552614339,8.598227656277542,6.657744897949748,2.1518811606275148,9.672727272727274,2.151888343432445,8.714117131360014,2.1690254311899806
2001-05-01,3.5023331463475764,4.8505230777917845,8.637627412854467,6.7494261242993305,2.530612244897957,9.701864801864803,2.530620262681131,8.802621706044699,2.284390275176099
2001-06-01,3.4673129878633926,4.974912531345477,9.295482788036642,7.230420685739033,2.6909620991253624,10.464102564102566,2.690963917580323,9.473371995250748,2.2358046630097266
2001-07-01,3.3513836864701543,4.8880588913263034,9.387655061637153,7.274993205489512,2.5064417603776183,10.578321678321679,2.506445060591243,9.53772806937987,2.3819457170335188
2001-08-01,3.140399601986708,4.6515215837687744,9.090023078606816,7.026119269202476,2.2451062057476032,10.242424242424242,2.245110155241388,9.207535822829024,2.258020551791318
2001-09-01,2.7929349202927334,4.194206241744477,8.316950879285114,6.405646373477829,2.2144800777453817,9.381351981351981,2.214479180324291,8.437743147375443,2.0149040297117518
2001-10-01,2.36987198842501,3.8732812136582204,8.27731862428095,6.300158419279934,1.745286686103011,9.403729603729603,1.745286530584104,8.393329298541444,1.4592004012935984
2001-11-01,2.6253018827357324,4.104765752622835,8.41972303036351,6.447121869541349,2.04153824795224,9.542191142191141,2.041538581368644,8.563326783170941,1.6526604241914236
2001-12-01,2.774011801224824,4.1500590400189035,8.073513741538509,6.224732826461073,2.4407052616965133,9.101864801864801,2.4407036079607973,8.234554524981798,1.7056213775632716
2002-01-01,2.8863629011091327,4.285481682846699,8.289093888539433,6.4178628805251545,2.5353325003470757,9.35174825174825,2.5353308834936734,8.467685721253734,1.7480295435471123
2002-02-01,2.7887281166813165,4.177402158056257,8.118228297356016,6.277513377965592,2.759850062473967,9.137296037296036,2.7598422735055474,8.301177965456793,1.5416873215440816
2002-03-01,2.7949959707840026,4.275184067769128,8.493449716729824,6.560987305114716,2.897709287796749,9.56223776223776,2.897698749756543,8.681559922701297,1.5007766099345763
2002-04-01,2.889550858717137,4.314843554517632,8.40792495964297,6.519939493204781,2.837442732194916,9.439160839160838,2.8374334837140656,8.570812320077179,1.6523044908097804
2002-05-01,2.6926522159182302,4.080849376610904,8.127988005683358,6.287636534029981,2.5968346522282353,9.127505827505829,2.596823511861035,8.256892419484624,1.5639705235624395
2002-06-01,2.507035910558465,3.778921157935354,7.412137790492973,5.735786355687865,2.7399139247535724,8.3,2.7398992867115175,7.543321494169517,1.3608312175734574
2002-07-01,2.2085142656129833,3.431048978953011,6.91435193348247,5.311691591098492,2.4558100791336916,7.738461538461538,2.455794638496124,7.0182525474683395,1.1041654918482062
2002-08-01,1.7404270156678507,2.8603882101399463,6.063247822053159,4.630255831465531,1.799416909620989,6.827972027972027,1.7994054259026344,6.146408187109932,0.6174959349698622
2002-09-01,1.7721640117060327,2.8420976531600926,5.835770213777847,4.460768742032634,1.8948216021102295,6.553613053613053,1.8948096702586268,5.918210895768049,0.6066006371876684
2002-10-01,1.464145784801523,2.6028315593387497,5.807507221836451,4.382849837313562,1.6473969179508514,6.571561771561771,1.647385015784824,5.89900495599177,0.2326355733325469
2002-11-01,1.619607066301429,2.720750366384052,5.838240963666058,4.42255229280372,1.7743995557406609,6.6,1.7743894179926285,5.948834172982085,0.45809229134808116
2002-12-01,1.8277434069057474,2.8958189250790825,5.860804520799728,4.469595083747342,2.112022768290987,6.593939393939393,2.1120120913794103,5.986969568485362,0.6496290144818134
2003-01-01,1.517422766585972,2.5469381549907606,5.380259020667484,4.052145975676224,1.808440927391362,6.071328671328671,1.8084301615013612,5.487711239301538,0.3727294363612189
2003-02-01,1.423329211964369,2.420185094636142,5.155741642266879,3.89606264162389,1.5987644037206694,5.844289044289043,1.5987562589194524,5.2666703196025395,0.2846232606281484
2003-03-01,1.278432546299326,2.218660992472929,4.798818773429528,3.626354071244535,1.597473275024293,5.46130536130536,1.5974640011508434,4.931372281863817,0.17329687683842063
2003-04-01,1.2264711496158773,2.184317201646767,4.80237198978169,3.6101176229630205,1.4494238511731197,5.472261072261072,1.4494147364407803,4.924988582820712,0.02259390862241757
2003-05-01,1.4636984642072925,2.4756418897563197,5.30238143576861,4.020151567496446,1.5294460641399397,6.011655011655011,1.529437785081304,5.408850517388792,0.2631623407909459
2003-06-01,1.5163936561850249,2.5240503878851692,5.325076473215566,4.040682153329724,1.5415382479522401,6.0459207459207445,1.5415309325760698,5.4416179966714635,0.2909055912244504
2003-07-01,1.488477456477045,2.470903540510618,5.206999932385364,3.967291624690179,1.521268915729555,5.910256410256409,1.521261196160529,5.319289544522306,0.25513544893086265
2003-08-01,1.643669993739528,2.614562184467946,5.291609205886568,4.044353981982191,1.9352769679300263,5.969930069930069,1.9352657583891804,5.419685775246152,0.45724043544476195
2003-09-01,1.7576784382519202,2.761772759541173,5.493562040291794,4.228044654878891,2.2338053588782425,6.192773892773892,2.233792157375346,5.651332034997436,0.4905406245941763
2003-10-01,1.639019315199652,2.652258916871889,5.454581130697458,4.178463934438067,1.933374982646117,6.178787878787879,1.9333636270664027,5.602486136306421,0.37658291515076603
2003-11-01,1.855365415719108,2.899177488143968,5.76557177034839,4.445254568159783,2.385742051922807,6.522377622377621,2.3857279164893903,5.957258493537285,0.5379889340799368
2003-12-01,1.8975933304577517,2.9709384106458607,5.901709218194949,4.5457689788218225,2.377523254199636,6.664568764568763,2.3775097224555957,6.079896254835216,0.5010813569786936
2004-01-01,1.9164731533422685,2.998648493379597,5.951267196720497,4.588309167258104,2.363084825767039,6.712121212121211,2.3630717814671254,6.117481239204876,0.5293085238491138
2004-02-01,2.03087222402919,3.119038138502975,6.089415156417909,4.70820420503312,2.372636401499373,6.865501165501165,2.37262486510175,6.2589394170912875,0.6176573816225046
2004-03-01,2.129795845288415,3.2193563508212564,6.105352593905047,4.734065526510439,2.727793974732747,6.882983682983682,2.7277801899391885,6.315836660881309,0.6375794610600454
2004-04-01,2.045741027728753,3.1210445657254375,5.981599006247856,4.636546097230902,2.568540885742049,6.754079254079253,2.5685275623329917,6.1853365409429815,0.5529064767230664
2004-05-01,2.044181547582522,3.1951699612670037,6.344034041683345,4.911331101922904,2.2767041510481723,7.162470862470862,2.2766930844330915,6.500785282047001,0.5525261811262562
2004-06-01,1.983547905952174,3.1380406774629708,6.286745760602269,4.8508243907276904,2.3289601554907655,7.0997668997669,2.3289476396455786,6.450369361979769,0.4922514180393224
2004-07-01,2.0364585785118763,3.15501712395283,6.178370360677153,4.780638930317257,2.374274607802302,6.956876456876457,2.374262274676312,6.333893859753623,0.5697123340664862
2004-08-01,1.9967173605356172,3.14688242972832,6.222696280529758,4.810723127733777,2.5521449396084934,7.017249417249417,2.552130237790174,6.398565334946379,0.4945857862999578
2004-09-01,1.9957455356521026,3.15858711855779,6.267111070550299,4.843634479505314,2.576523670692765,7.073659673659673,2.576508469233552,6.449022806708759,0.47577440424707323
2004-10-01,2.1013370306273824,3.2661410230110812,6.322161718189751,4.893007251210873,2.838761627099816,7.118881118881118,2.8387447136490844,6.521184291724205,0.514229268967679
2004-11-01,2.0911304472069205,3.2051076698087613,6.109934355497876,4.729041079055954,2.6277800916284852,6.869696969696969,2.627765474391265,6.282636237142281,0.5127959585075343
2004-12-01,2.1711567712135977,3.2486047607285635,5.983019931013407,4.6318407906534675,2.90238789393308,6.697668997668997,2.9023715094159477,6.164477315623859,0.5792309906732286
2005-01-01,2.2204383860925003,3.323029052032405,6.170331471985831,4.78698595929765,2.777481604886849,6.9081585081585075,2.7774667479288384,6.332042652976594,0.6559776763285485
2005-02-01,2.2919184283546477,3.3819526737035788,6.125878263195508,4.777438842077184,3.03287519089268,6.852913752913753,3.0328582711113774,6.310639737830013,0.6731511960279704
2005-03-01,2.389244537143489,3.5285360638219103,6.404436649499653,4.984165477791318,3.3263501318894866,7.147552447552446,3.326330428761494,6.599459250017158,0.7584750312243843
2005-04-01,2.340438401939166,3.461245705068902,6.3001236827652995,4.894328799123863,3.131112036651391,7.027039627039626,3.1310938644068806,6.472314770832339,0.7422704647816601
2005-05-01,2.274584148414216,3.499825649487126,6.7111969782255905,5.185355761185802,2.798764403720668,7.530536130536127,2.7987483231835197,6.872960834102441,0.6316153855129923
2005-06-01,2.4634291136516326,3.7714728506525472,7.204166946479349,5.5888807845339885,3.094335693461054,8.077622377622376,3.0943174921180465,7.385965428219512,0.714807492297782
2005-07-01,2.525470995146736,3.794598262968978,7.082075355373519,5.522354388401803,3.2139386366791562,7.932167832167831,3.2139201507349,7.273779207165329,0.758385271530822
2005-08-01,2.6290805799250303,3.9324817521151294,7.3196438018795815,5.726242080110221,3.447938359017071,8.187412587412586,3.4479183463406664,7.52137612384467,0.8570767966794189
2005-09-01,2.646361818554531,3.9612771398780846,7.303512794711947,5.713814146948148,3.6829654310703823,8.168997668997669,3.682943177367893,7.529678933066398,0.8042749610244393
2005-10-01,2.833995966705698,4.228018229373519,7.7723801284175895,6.083571656603637,4.1895043731778365,8.677855477855477,4.189477611533452,8.03159419405322,0.8961137982000512
2005-11-01,2.7244584667162637,4.129981962908125,7.768481655951316,6.046926264544371,3.9558239622379503,8.697435897435897,3.9557986658414905,8.020032735733535,0.892961318718222
2005-12-01,2.8984727723610253,4.32426250587744,8.010660005843386,6.2440954603776895,4.340871858947653,8.941491841491843,4.340842534568342,8.27758623482482,1.0753742655907812
2006-01-01,3.0117213185580782,4.4568265095037765,8.14653993471467,6.357426171915666,4.629154518950431,9.07902097902098,4.629122435281997,8.429600107878136,1.1398767409905528
2006-02-01,3.1980729650661113,4.654864817391594,8.257010347074141,6.48506547423032,5.4556295987782795,9.188111888111889,5.455589602153596,8.615245259230338,1.187930428147517
2006-03-01,3.2632223987509894,4.674388655566992,8.176352709397612,6.458616198826161,5.327127585728161,9.092540792540794,5.3270889949833435,8.518606753164446,1.2934268881582092
2006-04-01,3.39647102887792,4.865322593439245,8.468221988433429,6.721719391002748,5.910537276134936,9.426573426573427,5.910494828661491,8.875998012263095,1.352019161671376
2006-05-01,3.3991687000943394,4.895652415695224,8.52417103192058,6.739197301825074,6.026697209496035,9.478088578088578,6.0266530017233295,8.931068603310644,1.2892803805918955
2006-06-01,3.185399458744503,4.645462116994994,8.201007622035796,6.453384726250241,5.5787310842704345,9.137296037296037,5.578690454172488,8.582209759907077,1.1314614430256467
2006-07-01,3.2174047471367024,4.743076401786326,8.477469364417436,6.654397716680345,5.767624600860744,9.453613053613054,5.767581595842236,8.876356031649399,1.1381345883369607
2006-08-01,3.2089808526875987,4.7623188209715295,8.56669919423974,6.708663199574995,5.797153963626259,9.552913752913755,5.797110598388914,8.961279837014942,1.1285259238214842
2006-09-01,3.3910156494390002,4.964291072162675,8.824102832076521,6.938968583255041,5.987546855476877,9.82983682983683,5.987502740666438,9.226313995278337,1.2889469327387428
2006-10-01,3.45248955468304,4.988953319738181,8.734470776090099,6.881849040788834,5.755518533944183,9.704895104895105,5.755477087626625,9.092997437711649,1.3373649194955524
2006-11-01,3.6508646787360033,5.174619464716404,8.72061497350387,6.909177614188529,6.636790226294591,9.666666666666666,6.63674296695774,9.156608215140212,1.4293943199521912
2006-12-01,3.5675055897260664,5.0169951944302245,8.311458621214761,6.592575997332329,6.303831736776335,9.188578088578087,6.303787183576757,8.704293412112515,1.3696580436936208
2007-01-01,3.7727029319274803,5.2249816840040495,8.463532746553941,6.7402421960400645,6.596154380119384,9.323076923076922,6.596107888896707,8.85568194641255,1.5040065384424621
2007-02-01,3.953941523396435,5.4684204653615325,8.865101872164528,7.078761616620904,6.815646258503392,9.757109557109557,6.815597925674098,9.256883199925639,1.5607143086050357
2007-03-01,3.7616160938169303,5.212313246548162,8.444427792932133,6.762374831489594,6.725864223240308,9.306526806526804,6.72581647237068,8.85237208838705,1.4884796922387031
2007-04-01,3.954421301880377,5.391742455740133,8.438451171272376,6.796738721508754,7.2777315007635615,9.229603729603728,7.277679328256007,8.846376874494005,1.547016298357764
2007-05-01,4.095689147439679,5.567002324610038,8.72636179453328,7.033240603406757,7.3408718589476525,9.538228438228435,7.340818723876256,9.124808677951002,1.6447239081797185
2007-06-01,4.353228933679342,5.810898585164997,8.632089282731847,7.027720949436045,8.537109537692618,9.399300699300696,8.537048226475347,9.136093272729426,1.6901366404549232
2007-07-01,4.266264469764495,5.7025262397196945,8.379394767520473,6.790729867161194,8.82929334999305,9.075291375291371,8.829227691628448,8.886885745576233,1.598606742442477
2007-08-01,4.022312090262458,5.429044362790237,8.122182033243735,6.557175970231867,8.26680549770928,8.809090909090905,8.266743403258372,8.591643826922075,1.4296140304520515
2007-09-01,4.076194157338001,5.483122424484222,8.106603417317656,6.536269548973657,8.306594474524495,8.775524475524472,8.306533832205242,8.570411801668687,1.4675828419533734
2007-10-01,4.203649020507904,5.630983977010291,8.050943801919859,6.491303984710248,9.619297514924327,8.703496503496499,9.619227411871401,8.651374932621216,1.5453193210618812
2007-11-01,4.1921043184634685,5.5500617599202595,7.719920141187586,6.262476134392245,9.29711231431347,8.318881118881114,9.297046855920193,8.278963800870125,1.5201149929936908
2007-12-01,4.0599844631909034,5.517987915367959,7.9431032419307455,6.342992737555895,9.027058170206848,8.587412587412585,9.026993211088355,8.479703680715584,1.2723253607670826
2008-01-01,3.9876741367981614,5.393857968105566,7.6526720690284105,6.054918248493072,8.724545328335406,8.193706293706292,8.724481443217133,8.102854684204438,1.2764085013911612
2008-02-01,3.5706909320834805,4.922590242194317,7.06958014720127,5.545605231202238,8.468874080244335,7.5965034965034945,8.468810765942514,7.55105679710656,1.0177775291698667
2008-03-01,3.4016235556282313,4.724491145286903,6.752526552308615,5.280070559965,8.78467305289462,7.2438228438228425,8.784604718740153,7.274291558915255,0.9341207793134682
2008-04-01,3.364820628279334,4.629783848602372,6.682187579516015,5.241367912533762,8.065722615576837,7.137762237762237,8.065659776166461,7.102416302974884,1.0923478142324734
2008-05-01,3.4859132436811424,4.77177786978112,6.639584300802247,5.163331011514257,9.109690406774947,7.039393939393937,9.109617381990285,7.130187989611452,1.0526422022720692
2008-06-01,3.503033657013665,4.863283251878139,6.7676951154781,5.225817547046232,9.645925308899061,7.166666666666664,9.64584676842865,7.298582803280184,0.9574269594691981
2008-07-01,3.0654551152983553,4.460819349811829,6.5603396555611155,4.931071880267049,8.958767180341516,6.975757575757573,8.958692083671432,7.050923624319835,0.6580244803491055
2008-08-01,2.979639589116931,4.38196362863322,6.807813752707585,5.125441525995273,7.723642926558371,7.303729603729602,7.723578755827099,7.206596405157907,0.68498868339158
2008-09-01,3.053399656463939,4.490057931576982,7.088543801606385,5.379640950439997,7.4209357212272575,7.6270396270396255,7.42087508469955,7.457345607883176,0.7602148819290252
2008-10-01,2.531903984587541,3.883902828374741,6.745278883149976,5.101689959803677,4.820061085658747,7.343822843822842,4.820023856722639,6.9214108329777755,0.6382415262927164
2008-11-01,2.105804311046229,3.5188675122959188,6.771216900531086,5.132188132020744,3.6492156046091857,7.481585081585079,3.6491894439190227,6.909763040998424,0.2467415267663992
2008-12-01,1.6783288777630823,2.9248915625573844,5.840330395754916,4.373939154719314,2.457837012355959,6.477389277389274,2.4578208041579215,5.90324364107598,0.1328156164232204
2009-01-01,1.7842479611641338,3.051111443880156,5.956335761650781,4.4533771534453805,2.458836595862831,6.557808857808855,2.4588204034198378,5.9741163682441565,0.22111233666391453
2009-02-01,1.611000251459093,2.897038479432561,5.889624582786476,4.365826488981459,2.3542551714563342,6.5193473193473155,2.35423851458598,5.928622324268451,0.049376785652876586
2009-03-01,1.2946176145946873,2.4229280453876485,4.959844470942147,3.6063009334819895,1.9738719977787005,5.465501165501163,1.973856972982575,4.967881841801121,-0.18460251624341253
2009-04-01,1.5112072223851554,2.6740721434959918,5.25324659928256,3.888769187735466,2.7002498958767145,5.785314685314681,2.700229270646776,5.327892437205247,-0.060928840644231166
2009-05-01,1.7955817494853072,2.9179443848263915,5.290987321724046,3.9960349685824488,3.454074691100926,5.763869463869461,3.4540474402779866,5.3949517357744785,0.13480456655758022
2009-06-01,1.9761365869487577,3.146972277229043,5.51362140138184,4.151977189053306,4.349076773566565,5.976456876456873,4.349041046371213,5.677616297217396,0.1944812089451527
2009-07-01,1.889966533221001,3.0886498422050632,5.6356217631213115,4.246427237536732,3.911148132722473,6.155944055944052,3.9111166003804176,5.7855249363247845,0.15826155865634475
2009-08-01,2.1778503515153576,3.451917657506038,6.120985401554616,4.643919801873874,4.731639594613351,6.641724941724936,4.731600759071654,6.297097088065221,0.2836147726783159
2009-09-01,2.183548923208396,3.4596234029597768,6.188220998071099,4.675331305871866,4.263640149937522,6.73543123543123,4.263605050093412,6.328911374906778,0.3191480258783142
2009-10-01,2.2782162872607943,3.5641588307709893,6.302678142435505,4.776585213649553,4.38432597528807,6.849883449883444,4.384290538081417,6.442898500662214,0.41952245925875253
2009-11-01,2.258536396429414,3.5683317839378805,6.31186249326503,4.7594961597209915,4.749812578092457,6.843356643356639,4.749772998666861,6.474359543606573,0.3307462304566277
2009-12-01,2.435359555258034,3.8313213285256906,6.648935872915285,4.984751402806937,5.560669165625428,7.157342657342653,5.560621502710146,6.835051022885473,0.3471063728808395
2010-01-01,2.577571240537847,4.056537579940138,7.020915707625618,5.262112179427925,5.966180758017486,7.552913752913749,5.966129694257427,7.223872738463912,0.38615590399155125
2010-02-01,2.473238859353331,3.959895565724828,7.043804343357117,5.27765124357845,5.608399278078571,7.62261072261072,5.608350830431565,7.2482871236560245,0.34788075171075666
2010-03-01,2.485423625121222,4.02089122616639,7.214528930264956,5.364123688430005,5.728960155490761,7.8041958041958,5.728909604835364,7.418874726038659,0.34338779860301444
2010-04-01,2.7629509545387463,4.304038764386293,7.314650054611376,5.485849307930531,6.89669582118561,7.872261072261068,6.896635752596009,7.608761028570945,0.46444981940582947
2010-05-01,2.6458276049376512,4.141803714512562,7.1215676387380515,5.367963651208829,6.24491184228793,7.671794871794868,6.244857348876375,7.362267550046023,0.37326188509647246
2010-06-01,2.4435123118701694,3.9190137765690367,6.936351214857782,5.195644951391512,5.823240316534771,7.496270396270393,5.8231888192769,7.161814588012967,0.3116394988798142
2010-07-01,2.333107408054038,3.8155788910383057,6.986623698761552,5.205948353607842,5.1882965431070325,7.554079254079252,5.188249806824373,7.1418084894256895,0.2650616226524121
2010-08-01,2.639401757630795,4.0815568652358705,6.933535532968994,5.1974130725112,6.217589893100091,7.434428904428902,6.2175354436741355,7.1505032835113225,0.43884996602612264
2010-09-01,2.5987125072883464,4.139188583212241,7.324961578143805,5.461974266137065,6.009412744689706,7.899790209790208,6.009360328102552,7.53074238781805,0.3805907590372305
2010-10-01,2.6296176665530244,4.145907052523932,7.2130870529746,5.385658699726847,6.2657920310981465,7.729766899766899,6.265736711050003,7.4127897813520605,0.39824578455046106
2010-11-01,2.772376807945107,4.312647590529522,7.332276249729288,5.472210441757597,6.623892822435089,7.806153846153846,6.623834907008501,7.5183491676674175,0.45296410701436357
2010-12-01,2.826069417007146,4.397112848500231,7.437893477337633,5.570306320346837,7.151464667499644,7.885454545454545,7.151400691295181,7.6446348093877505,0.41708199743491026
2011-01-01,2.99675512121357,4.608730332343487,7.64814907345406,5.7571428085272345,7.813064001110638,8.097412587412588,7.812994100551449,7.90332620694404,0.4976265343776718
2011-02-01,3.0402784091068167,4.59932192308139,7.536391202067481,5.690509379055308,7.5417187283076395,7.98780885780886,7.541653118233486,7.781732909592147,0.6369973119250901
2011-03-01,3.05481616611461,4.640467720765442,7.653698133326671,5.769002407426128,7.5722476745800265,8.113030303030305,7.572181449732468,7.89380296124756,0.6475674979043902
2011-04-01,3.003886671996389,4.535397644384353,7.359251599443166,5.540756306882962,7.465056226572253,7.755687645687647,7.464990347371717,7.570830906858574,0.6127405680868188
2011-05-01,3.083751880312142,4.699670942042013,7.816668121445601,5.871185525337347,7.281577120644167,8.214801864801867,7.281511581302235,7.951149741426625,0.6377261885266579
2011-06-01,2.992031090253143,4.711066964358959,8.242519767226899,6.169932834286534,6.972747466333463,8.745454545454548,6.972683336106996,8.377006289020107,0.555193534498637
2011-07-01,2.9623281087296762,4.62620300639965,8.004443728722864,6.00856647869671,7.006941552131048,8.465174825174827,7.006877804202061,8.135597382913275,0.5794994821726074
2011-08-01,2.7670310766281436,4.497026570064512,8.17648227401171,6.0919127678847405,6.5862001943634505,8.714825174825178,6.586140029133982,8.303566818334046,0.4473784119596973
2011-09-01,2.414647561588199,4.073280819196697,7.694161601713839,5.699956917410814,5.604095515757314,8.285524475524477,5.604044144902006,7.822718118428382,0.26513440506553954
2011-10-01,2.1633865200063753,3.7972091193721598,7.522544481581351,5.543686722289342,4.393724836873518,8.171375291375293,4.393685021809695,7.59042959497478,0.15599130936645939
2011-11-01,2.3152655557612833,3.9557121119058603,7.601469623923951,5.608580583404105,5.000999583506864,8.184825174825177,5.00095389450533,7.670831896470054,0.23297395016810138
2011-12-01,2.3732992844986236,4.068472746191861,7.826971940976087,5.75881770593548,5.171956129390524,8.426806526806528,5.171908740219497,7.899673629032533,0.2512420008669201
2012-01-01,2.489300850069881,4.32215953314525,8.504631439485683,6.259747344588859,5.211259197556566,9.182004662004662,5.211210783787535,8.559904888003546,0.2742082403245318
2012-02-01,2.688153643335933,4.487170263748535,8.452635911665231,6.273708590999025,6.246591697903643,9.056456876456878,6.246533787419093,8.564365442770727,0.43970168688518735
2012-03-01,2.7632959347029895,4.5555739352440545,8.514578839172954,6.318261913078687,6.061502151881152,9.066223776223776,6.0614448895079915,8.554834853945213,0.48170672091311095
2012-04-01,2.7569391351818706,4.597206229829299,8.771129077640484,6.486148245928137,5.58553380535887,9.347412587412586,5.585480482344999,8.749973706806214,0.4813953936568663
2012-05-01,2.6510723107495644,4.513930480610345,8.750642199177882,6.450955688424635,5.730348465916971,9.36095571095571,5.730293147226033,8.773755725233473,0.3906031567645735
2012-06-01,2.3037075634716784,4.100070126310199,8.34662778994408,6.1118188802430495,4.4970567818964255,8.982517482517482,4.497011945024412,8.307828543571254,0.20962607355094554
2012-07-01,2.5644992794713697,4.492879101753888,9.067364306344192,6.666171741094776,4.836262668332633,9.7697668997669,4.836215728033306,9.030655732855507,0.3637468683660606
2012-08-01,2.6741550060394386,4.716474096852765,9.645437182006164,7.081081543137919,4.936096071081487,10.386876456876456,4.936047524845734,9.580678244621222,0.4002260708218712
2012-09-01,2.7345927604555067,4.752819569517484,9.590010571154322,7.03053629092441,4.893572122726636,10.294335664335664,4.893524002903414,9.49600112844722,0.47696953660983094
2012-10-01,2.8284802229992736,4.8834201339667525,9.79789202136682,7.164805261129034,5.127030403998328,10.473752913752913,5.1269787596864935,9.67706984967193,0.525485425150006
2012-11-01,2.8177031741460254,4.8199296733181205,9.599922383570872,7.054962255560401,5.229376648618625,10.276573426573425,5.229324429653167,9.517532215421765,0.5712939530536597
2012-12-01,2.833642698768451,4.828814839639786,9.659719317207394,7.093612668317799,5.0282660002776565,10.30272727272727,5.028214452709907,9.52143140910309,0.6154080697488928
2013-01-01,2.921670385100463,4.925853863799766,9.731426514741518,7.175810736201255,5.4207691239761155,10.365081585081581,5.420714322093192,9.618691452415163,0.6652506080771959
2013-02-01,3.0173877741057664,5.082331425689169,10.135667975264292,7.490775445530125,5.320477578786611,10.803146853146849,5.320423541202941,9.992088486345509,0.704909679068107
2013-03-01,3.016726108391271,5.136884610179543,10.419461437827449,7.715055597587233,4.999111481327219,11.14258741258741,4.999059273855719,10.252730741777642,0.6845423679312959
2013-04-01,3.0713490849586322,5.305601898539335,10.957909429305362,8.098919258325584,4.649354435651807,11.763869463869462,4.649305906623027,10.755250435897194,0.7066255516013341
2013-05-01,3.105661949280504,5.38704458420422,11.261707047423304,8.323089020449057,4.253088990698315,12.111118881118877,4.253044946758037,11.014513401285411,0.7695155041842893
2013-06-01,3.1365110652309967,5.3705101927784975,11.128350709520097,8.265966032931296,4.359183673469382,11.927925407925402,4.359138143925856,10.866918068105992,0.8225966168499463
2013-07-01,2.989240209297641,5.196237640511134,10.97854118597384,8.142532917887971,3.760238789393304,11.807412587412582,3.760199465918972,10.696279661008719,0.788781883424131
2013-08-01,3.1919595455289147,5.390649940405201,11.088866623187794,8.284600764107534,4.187574621685404,11.894848484848477,4.1875329811722155,10.820946526830534,0.9199577051730893
2013-09-01,3.2133913782365324,5.442400690393033,11.169898307331538,8.335591630331727,4.466208524226012,11.995780885780878,4.466164647125577,10.939044543492198,0.8762142385940718
2013-10-01,3.3615628749641684,5.572077238855476,11.219423852558574,8.429737819414534,4.430778842149099,12.026013986013977,4.4307366598642695,10.966062927418342,0.9521968945290393
2013-11-01,3.4746918963459947,5.727302684683027,11.479723871616496,8.63543859251111,4.590170762182419,12.30913752913752,4.590128898697554,11.228963646833611,1.069502149650035
2013-12-01,3.5355259637771748,5.843261810766528,11.811121528659118,8.881838755663509,4.457739830626123,12.649673659673653,4.457698411497175,11.512485917981138,1.107946850642065
2014-01-01,3.5959094302640366,5.907215210759482,11.855338840285532,8.915795877164275,4.56304317645425,12.682004662004653,4.563001036590005,11.552662670227765,1.1659780355090295
2014-02-01,3.4962740683661266,5.838585440804423,11.931789987654172,8.989435188545993,4.448257670415099,12.837529137529131,4.448216781548518,11.672050375691287,1.0700510937997871
2014-03-01,3.6676580363458537,6.098081362310481,12.426756544651104,9.400754029802362,4.705817020685821,13.378344988344981,4.705774715669158,12.171455326424566,1.1610054894271797
2014-04-01,3.7456019258529123,6.146197924297259,12.386358872600493,9.428136003329959,4.672386505622653,13.316783216783211,4.67234497662877,12.116687534518498,1.2065565501015483
2014-05-01,3.7710796736650103,6.281378354000031,12.855705613849373,9.748666321218275,4.660794113563789,13.83571095571095,4.6607520346728215,12.563239149735947,1.1927736810097171
2014-06-01,3.8510863824482966,6.387407819916386,13.006370967479628,9.845198906222931,4.67151187005414,13.974265734265728,4.671469735097467,12.686567513395062,1.220151597029999
2014-07-01,3.871011610444284,6.49567806174198,13.365576228069527,10.107643865104585,4.831472997362205,14.397365967365964,4.831429725949915,13.07141587849109,1.2105838899797188
2014-08-01,3.708626592292843,6.304675333631484,13.085545252202191,9.864524381866834,5.006636123837285,14.167552447552444,5.006591450893516,12.890158101974423,1.1295244678279184
2014-09-01,3.8611328331962094,6.586973116863578,13.775728543919985,10.370018216332255,4.937678744967369,14.921911421911416,4.9376342223776195,13.541008092243652,1.2097391361646053
2014-10-01,3.8431619341109293,6.672272993862315,14.26600117976408,10.707509625568283,4.562640566430649,15.511724941724935,4.562599232075835,14.012916514488127,1.2241527010336484
2014-11-01,3.759253373261253,6.462288559459575,13.683446967134548,10.27760009103347,4.38091073163959,14.831585081585075,4.380871740507175,13.400844239466403,1.2256463909793536
2014-12-01,3.972599125112601,6.798213802856912,14.401567240091344,10.833354977190943,4.26973483270859,15.585757575757569,4.269698333535607,14.047742607514913,1.3454089523166022
2015-01-01,3.9187703739643287,6.662706479326255,14.030373074424528,10.56561323534363,4.220102734971536,15.169976689976686,4.2200668231581036,13.68279821925772,1.3591047740802176
2015-02-01,4.300163467606326,7.289381348149538,15.394387174783883,11.614494992311242,4.330737192836314,16.604568764568757,4.330701732404941,14.944353922227272,1.5976798707198303
2015-03-01,4.6447496720755375,7.793476635016009,16.3324948768794,12.389209250147799,4.921838123004299,17.62743589743589,4.9217980996431745,15.903333156050385,1.7255011363679327
2015-04-01,4.771889614483113,8.045135904009758,17.092552913993515,12.95354532905828,4.527321949187834,18.4353613053613,4.52728459936115,16.56360836817549,1.8739618857549722
2015-05-01,4.688242618953205,7.926568064212808,16.800126306519285,12.756071255875016,4.792072747466328,18.17386946386946,4.792033657185295,16.36314218753635,1.6998128922174147
2015-06-01,4.784868169657337,8.107260693616135,17.246833739463906,13.07446236024611,4.601291128696372,18.65496503496503,4.601253380036886,16.76457253303509,1.705207339137448
2015-07-01,4.562980513158907,7.714644176392357,16.427597242848712,12.459170698517283,4.198556157156736,17.748904428904424,4.19852240063279,15.929358417560005,1.656330168842402
2015-08-01,4.731133003072796,8.132510691256874,17.648651986557116,13.327673391973258,3.782673885880879,19.12962703962704,3.782643095029126,17.08483776278374,1.7256648286205918
2015-09-01,4.061843628747361,7.064370943174239,15.477850569826579,11.692635297562223,3.095585172844645,16.815291375291373,3.095559470334698,14.991047792407413,1.4236652453856846
2015-10-01,3.897253826783134,6.86048341791279,15.22691490890337,11.463909328750656,2.683631820074966,16.58048951048951,2.6836093795650817,14.742476483875771,1.3664515445920855
2015-11-01,4.339994680063166,7.463648386336972,16.24262173396074,12.289914084280015,3.1305705955851693,17.619463869463868,3.1305466183104773,15.702031212656877,1.6678823833443412
2015-12-01,4.426202157023755,7.5601616895689885,16.4445503940028,12.489955354802628,2.8484242676662466,17.84062937062937,2.84840370269313,15.867730447751487,1.7947433915009412
2016-01-01,4.202126344772352,7.2825775870179665,16.110935279167798,12.240197785370876,2.400166597251142,17.52967365967366,2.4001499126771506,15.546592679527743,1.6842579574922156
2016-02-01,3.8332663226919426,6.7382715578213075,14.973575281921393,11.344109965929036,1.992364292655835,16.348041958041957,1.9923511743765103,14.471827514704698,1.386542140387039
2016-03-01,3.810958068950229,6.625147539104848,14.480445534578164,10.966124323910844,2.524586977648199,15.744592074592074,2.524567915063196,14.00380366225443,1.3247320616162912
2016-04-01,3.7580488126915856,6.458061003309886,13.905139598223046,10.53584725676981,2.6277662085242226,15.055314685314688,2.627745092692333,13.415747876523769,1.2869034529113925
2016-05-01,3.879808872811637,6.689617958469945,14.389450806076653,10.891097116583696,3.177162293488821,15.59013986013986,3.1771353671816427,13.937377115660627,1.3349196239058292
2016-06-01,3.8974488830489236,6.826388636585931,15.018637069669168,11.396936220243484,2.6838955990559463,16.37848484848485,2.6838737144884073,14.571217540833093,1.3585956865264148
2016-07-01,3.787706147183942,6.823884617760446,15.20702881700271,11.453534725287234,3.09994446758295,16.603449883449883,3.099916300609929,14.809739994803152,1.0985078928408751
2016-08-01,3.9516982600091284,7.0416971435226525,15.569861141874073,11.78081401909669,3.4315562959877806,16.98678321678322,3.431525128078234,15.186397354050458,1.1267680023062798
2016-09-01,3.9180077151593116,6.7635457035999575,14.552608499924425,11.012154528909129,3.228807441343882,15.736153846153847,3.2287764873760536,14.077889892459968,1.2132587047106334
2016-10-01,3.9496329033388564,6.825032700505408,14.63906786038655,11.084920252585862,3.647966125225598,15.843310023310025,3.6479316632925434,14.217914655371318,1.2107275741544554
2016-11-01,3.7942701559473293,6.435727148471628,13.52059094115834,10.243112062837103,3.8379286408440905,14.554778554778556,3.837892632025262,13.111994960210508,1.2551975513079385
2016-12-01,3.866633909404286,6.526699934948616,13.640829901049106,10.34058795528014,4.47932805775371,14.690139860139862,4.479284822044628,13.299212810285054,1.3933522603296336
2017-01-01,4.186049847108283,7.005040520801058,14.604647853775655,11.098968052241949,4.513841454949323,15.707459207459213,4.513799365385812,14.193549342390636,1.5533127582366426
2017-02-01,4.207554208153447,7.019720993841217,14.540088088050895,11.055653508220955,5.069679300291542,15.620582750582756,5.069630643275851,14.178685809355327,1.5345609171152037
2017-03-01,4.4071868312519875,7.396561030589318,15.445841495056632,11.764374794242599,5.098944884076076,16.648158508158513,5.098896636139012,15.080735862260374,1.5824800838093125
2017-04-01,4.44915002919764,7.43374675059986,15.470216914498598,11.768410571174268,4.780563654033038,16.63664335664336,4.780517779083992,15.03880001551702,1.5898614890447242
2017-05-01,4.519445690484902,7.53019244309038,15.695756369765661,11.953160067406923,4.632403165347768,16.861118881118887,4.63235692681509,15.219436681075804,1.630476385121388
2017-06-01,4.596119977257457,7.7193234024671105,16.2081894468564,12.319231164180852,4.432264334305147,17.45990675990677,4.4322207239458224,15.721358453841106,1.6108826821791342
2017-07-01,4.461745999220277,7.477558874023664,15.669868438664942,11.901684798738708,4.5469110093016765,16.865617715617724,4.546865230099392,15.212891655950207,1.6291491462822203
2017-08-01,4.393160159974141,7.264561946367019,14.959496911879903,11.37126512681349,4.79700124947938,16.08142191142192,4.796954785722266,14.55959308716588,1.6732628433255916
2017-09-01,4.382482377141939,7.2822677361764905,15.008975360423719,11.420740250697111,5.081604886852697,16.144032634032644,5.081555185030021,14.644092408207747,1.602440158564748
2017-10-01,4.592561632912776,7.597110427304411,15.688287337907967,11.94492051346601,4.984589754269051,16.8188111888112,4.984539346675061,15.224880432509451,1.7029615024177032
2017-11-01,4.674465651747103,7.589069100042721,15.309859427265508,11.661817810318926,5.366402887685683,16.313752913752925,5.3663489132124464,14.831881205325686,1.8042638759124061
2017-12-01,4.4761747132536,7.31560141069539,14.878118224510429,11.325842647668129,4.981354990975979,15.883123543123553,4.9813050809321595,14.41014052923216,1.713021941908409
2018-01-01,4.555046005271229,7.412446286900859,14.957146455436542,11.40317841030053,5.567832847424681,15.965710955710964,5.567777885024855,14.545759095457408,1.73869007735898
2018-02-01,4.6054782735467725,7.378178439649746,14.692835929362793,11.251832031285401,5.764403720671939,15.63046620046621,5.764346984899293,14.278497992940137,1.8514227425918497
2018-03-01,4.353744122647175,7.00718911969074,14.027979985052813,10.721793231296227,5.377703734555043,14.936177156177164,5.377650689113893,13.629754849702666,1.7605754980900707
2018-04-01,4.294889869929785,6.953754952849433,13.998071021900305,10.719110491076773,5.242690545605994,14.94331002331003,5.242639540493956,13.619917643941474,1.7063773077625273
2018-05-01,4.479581918425436,7.208469517501086,14.388485449046089,10.999537697637773,5.46992919616826,15.338135198135202,5.469876885578529,13.991569918633518,1.815182085298992
2018-06-01,4.560512155058697,7.413539010971191,14.85738715955903,11.3248074780727,6.009829237817574,15.849370629370632,6.009768992419461,14.499319414086235,1.6886826817293032
2018-07-01,4.3876337444599285,7.230785215789667,14.686312804679917,11.11381924928547,5.475746216854086,15.68668997668998,5.475689488175333,14.2983615013231,1.5538107205669218
2018-08-01,4.586959252318637,7.650128747818448,15.816186755955805,11.942183754486084,5.434985422740523,16.933799533799537,5.434927663260362,15.379649410317901,1.6682673788340627
2018-09-01,4.491457541093473,7.521708895869721,15.639210609144412,11.803505978197006,5.089754269054558,16.761771561771564,5.089699036509227,15.194558139778483,1.6317894032542013
2018-10-01,4.516094792479336,7.556332907312763,15.672467227584416,11.820708704883188,5.3725808690823245,16.78452214452215,5.37252303845172,15.242994229309842,1.6927291875998256
2018-11-01,4.220311143662745,7.188839307910749,15.153698313995132,11.423827842209826,5.050798278495069,16.331351981351986,5.050746410437993,14.805283693627365,1.5778488468170697
2018-12-01,4.201942195028302,7.19449965284035,15.28634067253935,11.531636355255975,4.676412605858668,16.527715617715625,4.676365955655822,14.93485568855598,1.580666280564511
2019-01-01,3.896857977336833,6.736769948619992,14.347888650155584,10.777973169465149,4.493988615854503,15.513589743589751,4.493943360049198,14.027426245581776,1.3897248205381283
2019-02-01,4.2075731945012205,7.152660253575338,14.982271245893914,11.310565055103062,5.216326530612243,16.1716083916084,5.216274920005724,14.683049686415325,1.5723963572211783
2019-03-01,4.420623640330854,7.509766173569478,15.769572665291484,11.903754654323595,5.410329029571009,17.005314685314694,5.410274253960057,15.433773887664962,1.7147621539134978
2019-04-01,4.553744136539002,7.747542272646971,16.232059306415888,12.249518408526074,5.786408440927388,17.515967365967377,5.786350162016963,15.921938662667722,1.7123889211646361
2019-05-01,4.621464544027015,7.696245108129234,15.868651667975508,12.011797419928008,5.458725531028735,17.045221445221454,5.458669835011616,15.483248771385652,1.831471413662336
2019-06-01,4.348230919653902,7.44297575566409,15.734109040760348,11.841350096348927,4.895238095238093,16.982843822843833,4.895187222319722,15.361621140298482,1.6172530789720827
2019-07-01,4.657610382278163,7.921027273493771,16.633017456380315,12.51975270221259,5.481160627516311,17.913613053613066,5.48110295507628,16.24176472183893,1.7826942490150548
2019-08-01,4.620773649794283,7.9462639784592755,16.941209302014894,12.757878556830594,4.934777176176592,18.29594405594407,4.93472454529023,16.515071509946992,1.7287329952548163
2019-09-01,4.550225629679451,7.97347942499341,17.280118431860352,12.983385185772525,4.530848257670414,18.71813519813521,4.530798762646217,16.832192364140045,1.5698572775283985
2019-10-01,4.652253263994178,8.017007267058434,17.11751490862727,12.886812298906314,4.7024156601416065,18.48846153846155,4.70236574598722,16.653249758421175,1.7320430672688971
2019-11-01,4.8710356634584375,8.340431000982754,17.735170656004662,13.404568483340915,5.043634596695819,19.149930069930086,5.043581154000422,17.269696080667476,1.85299003981256
2019-12-01,4.895250805097355,8.423313353536358,18.007182912716086,13.595130519430636,5.130292933499929,19.460023310023328,5.130237200950342,17.55066663556229,1.8548110760861143
2020-01-01,5.109194983929337,8.7724786232195,18.70467104385235,14.098831129943768,5.409148965708731,20.19862470862473,5.40908954468827,18.226754700919624,1.945177119624273
2020-02-01,5.063975670408857,8.808922677796982,19.015942060453302,14.30180627044462,4.88003609607108,20.61717948717951,4.879981271933568,18.534261918673366,1.8918243966803756
2020-03-01,4.59442760855624,8.125790832958444,17.771063508767284,13.347069966050547,4.259627932805774,19.30764568764571,4.259579201291705,17.32130472730449,1.5699001770545058
2020-04-01,3.7156278453598017,7.1306915898588334,16.67216594281954,12.349245982730448,3.3096626405664304,18.234522144522163,3.3096210099548644,16.271597795487036,0.957369052759776
2020-05-01,4.169782648959226,7.881423697575509,18.28777582387004,13.601911248869177,3.656448701929751,19.96508158508161,3.6564026552214774,17.82529863895102,1.11732603731324
2020-06-01,4.462947912944128,8.287352082922878,18.860931541574356,14.052790514029027,4.28141052339303,20.54675990675993,4.281357874182461,18.406233392042196,1.1324448062137829
2020-07-01,4.578128014377531,8.396943760242987,18.924452739391253,14.093532990913259,4.338650562265722,20.560023310023336,4.338596700449922,18.43119482273394,1.2682194203009798
2020-08-01,4.654194972413028,8.437921819164469,18.734333367778852,13.896089522764626,4.6420241566014155,20.22275058275061,4.641964278228564,18.173978939943687,1.2682854636326515
2020-09-01,4.661853955118457,8.300081898285379,18.12628127554556,13.470896966207544,4.757004026100236,19.487482517482544,4.756942839187023,17.55064840171798,1.306826042854502
2020-10-01,4.640581985752542,8.342569042357018,18.37134891417912,13.651870481376681,4.590601138414549,19.77209790209793,4.590540528363853,17.777507183508707,1.18049904268741
2020-11-01,4.4061002954352855,7.900155336543147,17.303225845233047,12.864331393987824,4.371609051783978,18.60857808857811,4.371551119945441,16.728199822870593,1.084287917450402
2020-12-01,5.009986798318335,8.594431900351337,18.12306704162704,13.57529039782061,5.455810079133694,19.3978554778555,5.455744391566689,17.54564870956906,1.5868671783501471
2021-01-01,5.112627059907133,8.721351717679008,18.22322422287425,13.643408332510193,5.932361516034986,19.488158508158534,5.932291031170853,17.68060651790589,1.606495643400015
2021-02-01,5.190784793624799,8.855752765435534,18.463266459822776,13.835875798349745,6.236873524920173,19.768694638694665,6.2368006469957376,17.96427923951534,1.5179768056687029
2021-03-01,5.3227129635112265,8.858915688843638,18.006921795067832,13.56630143323065,7.162390670553936,19.230699300699328,7.162310191159192,17.599923409601953,1.7589133528590013
2021-04-01,5.636078548000204,9.213496691028302,18.508726985076745,14.011764438841503,6.8907816187699575,19.66188811188814,6.890704686983907,17.95249216325778,1.9789559028557697
2021-05-01,5.735988849826634,9.436648328426347,19.0347871971464,14.392304078970085,7.19047619047619,20.263263403263434,7.190395064237812,18.508840751854095,1.9002593165986195
2021-06-01,5.863638935901185,9.590014154227442,19.228414561467225,14.580907863718004,7.514160766347354,20.441724941724974,7.5140764748333515,18.699310211725095,1.9133081139727004
2021-07-01,5.967253086465368,9.972591706225838,20.558915418224682,15.55454914598217,7.090295710120783,21.96722610722614,7.090213598307066,19.98354751039486,1.833166614697265
2021-08-01,6.175288112399094,10.298511638582001,21.101926359577774,15.952966229892276,7.7427321949187835,22.541794871794906,7.742642684922745,20.564029168444723,1.807166935855353
2021-09-01,6.334322259809822,10.5652590319659,21.757793450101786,16.43707795871179,7.241788143828959,23.264545454545488,7.241702865054798,21.147878888838235,1.9205196711869699
2021-10-01,5.92651405356766,9.912038899927243,20.57019019037605,15.535738383832559,6.504470359572401,21.991305361305393,6.504393108692502,19.946396438504607,1.8753638764183158
2021-11-01,6.32293301903851,10.58330952430787,22.082632335052207,16.719975451997133,6.839192003331946,23.637808857808892,6.8391110997359705,21.427088524727754,2.0452171324061195
2021-12-01,6.237121019143422,10.402549609745005,21.53217326102901,16.281708516598908,6.914257948077191,23.011934731934765,6.914176301029316,20.892168351488127,1.9494630490092364
2022-01-01,6.544393789578404,10.913365769714519,22.55360558869986,17.04979570390877,7.346730528946274,24.096923076923108,7.3466431961496035,21.88071256120851,2.078422640253787
