Time,LVMH,LOREAL,HERMES INTL.,TOTALENERGIES,SANOFI,BNP PARIBAS,SCHNEIDER ELECTRIC,ESSILORLUXOTTICA,L AIR LQE.SC.ANYME. POUR L ETUDE ET L EPXTN.,AXA,IBERDROLA,KERING,BANCO SANTANDER,INTESA SANPAOLO,VINCI,SAFRAN,STELLANTIS,ING GROEP,PERNOD-RICARD,BBV.ARGENTARIA,DANONE,UNICREDIT,CRH,NOKIA,KONINKLIJKE AHOLD DELHAIZE,ALLIANZ (XET),BASF (XET),BAYER (XET),BMW (XET),SIEMENS (XET)
1994-01-27,17.9494,18.4047,8.859,11.9236,9.599,20.8614,16.7582,5.7549,16.7504,10.4273,0.8833,26.539,1.6677,0.9473,10.871,9.4315,4.4151,6.0272,16.9706,1.6847,17.1904,27.1181,4.13,0.8278,6.5376,113.897,7.498,16.982,10.535,21.24
1994-02-27,17.7814,17.2683,9.0453,12.0364,9.013,19.6485,16.4946,5.7092,15.7288,10.104,0.8281,24.7917,1.5957,0.9876,10.4354,8.7113,4.6429,6.0064,16.0543,1.6949,16.3272,31.2883,4.026,0.812,6.4735,104.785,7.516,16.803,12.619,20.149
1994-03-27,19.1666,16.908,9.1639,11.9236,9.0216,18.2592,15.8167,5.5263,15.8252,8.9622,0.7966,23.5002,1.591,0.9473,9.2424,8.2119,4.9676,5.6236,15.4591,1.6289,15.3742,28.6551,4.329,1.0696,6.3069,103.128,8.288,18.123,12.528,20.983
1994-04-27,20.7109,16.8387,8.9776,12.8263,8.5219,18.6121,16.9766,5.7778,15.5553,9.2236,0.7729,25.0702,1.3495,1.0189,9.4295,8.6765,6.6881,5.4217,14.9932,1.6568,15.4102,31.8721,4.162,1.2062,6.0633,109.672,8.666,18.665,13.497,22.467
1994-05-27,20.1204,16.2427,8.9776,11.7355,7.9187,18.7444,14.687,5.3738,15.1698,8.9278,0.8045,25.9614,1.4099,0.9272,9.1676,8.3774,6.4507,5.2895,14.9188,1.6492,15.4641,26.6296,3.691,1.0775,5.8967,101.268,8.009,17.128,13.099,20.581
1994-06-27,19.2348,15.328,9.13,11.6264,7.2897,17.5315,13.2183,5.107,14.418,7.848,0.739,23.6215,1.2517,0.905,7.4875,7.3175,6.1502,5.1712,14.954,1.4995,14.2774,24.9019,3.43,1.1248,5.589,98.05,7.657,16.167,12.206,19.478
1994-07-27,21.4331,16.908,9.9939,11.5023,8.2892,18.9649,15.4778,5.8998,15.7673,9.2924,0.7351,27.2985,1.4015,0.8697,8.61,7.7676,6.4749,5.4983,15.976,1.5223,14.7988,25.6168,4.057,1.3455,5.8711,105.731,7.925,16.874,13.676,20.134
1994-08-27,22.2574,17.0881,9.96,11.8107,8.2806,18.149,16.0803,5.8007,15.9215,8.9347,0.7043,26.5464,1.4455,0.8677,8.494,7.2304,6.3586,5.5681,15.6471,1.5452,15.2124,26.3317,3.885,1.3928,5.9736,104.057,8.406,17.51,13.249,20.804
1994-09-27,21.2582,15.2865,10.5529,12.0364,8.2272,17.4139,14.2689,5.8617,15.6266,7.817,0.6499,25.5714,1.4015,0.8748,7.7008,7.2885,6.5767,5.2057,14.0965,1.6289,13.0906,26.3913,3.743,1.4559,6.3069,100.925,7.802,16.619,12.213,19.454
1994-10-27,20.309,14.746,10.2818,12.1493,8.5477,18.0534,14.3104,5.8312,14.8633,8.1196,0.6396,25.655,1.3988,0.8748,7.4837,7.5208,5.8158,5.373,13.5326,1.6238,12.659,21.2412,3.681,1.8396,6.2556,96.848,7.915,16.096,11.921,18.36
1994-11-27,21.4331,16.021,10.1802,12.5856,8.8407,19.2589,14.6229,5.7473,15.2238,8.9794,0.6933,27.2985,1.4647,0.8828,7.8579,7.6079,5.8497,5.6308,15.2524,1.7481,13.7559,21.9083,3.628,1.7476,6.6658,102.555,7.846,16.12,11.858,18.36
1994-12-27,21.8827,15.924,9.689,12.2358,8.7511,19.2442,13.9488,5.6406,15.6478,8.9725,0.6396,26.24,1.3905,0.8727,7.3715,7.7473,5.9079,5.7911,15.2759,1.6543,14.1155,22.8689,3.743,1.8159,6.9222,108.005,8.142,17.006,12.229,19.403
1995-01-27,20.8086,14.8014,9.4688,11.239,8.8235,17.3183,13.2672,5.4653,15.3934,7.1945,0.6207,27.0478,1.3218,0.8828,6.3237,7.6428,6.3634,5.596,13.9273,1.6847,13.0007,27.0184,3.691,1.9131,6.6787,100.11,8.262,16.799,11.605,19.612
1995-02-27,20.6087,16.118,9.6043,10.8177,9.3439,17.2007,13.5007,5.4882,15.7538,7.8136,0.6168,27.7999,1.2531,1.042,6.5483,7.8693,6.0484,5.6378,14.8953,1.7202,13.4862,23.1091,3.775,1.7739,6.7812,107.705,8.268,16.945,12.126,20.134
1995-03-27,22.9069,17.6148,10.3665,10.592,9.5025,17.2595,12.7588,5.8464,16.4747,8.5736,0.5899,30.6411,1.2119,1.0703,5.8747,7.9418,6.2956,5.3451,16.023,1.6314,14.619,21.4146,3.725,1.7187,6.8197,101.096,7.117,15.865,10.789,19.135
1995-04-27,23.4315,18.0998,10.7561,11.807,9.3646,17.7741,14.3744,6.7459,16.8564,8.9347,0.6452,31.3097,1.2091,1.0582,6.436,8.058,6.5524,5.6308,15.9666,1.6796,14.6729,24.6168,3.963,1.8185,6.9607,109.85,7.866,16.049,11.241,20.238
1995-05-27,23.3316,17.7811,11.6031,11.3669,9.8747,16.8993,14.589,6.7687,16.3263,9.0757,0.6759,30.2512,1.2847,1.0985,6.885,8.0435,6.1308,5.9932,15.2618,1.8166,14.2594,23.9097,4.078,2.1549,6.8709,109.078,7.649,16.026,11.858,19.851
1995-06-27,22.4823,17.102,11.2643,10.9531,9.1164,17.3624,14.1974,6.6392,16.1355,9.1548,0.7288,28.9141,1.3177,1.1368,5.74,8.0725,5.8449,6.0977,14.712,1.8065,14.4212,25.9911,4.256,2.5754,7.1658,111.918,7.669,16.355,12.379,20.754
1995-07-27,22.4573,17.9474,11.5861,11.6227,10.5468,17.017,15.4401,6.4486,16.7292,9.3955,0.7674,28.6912,1.3933,0.9433,5.6876,8.0435,6.0096,6.265,15.1537,1.9029,15.4282,26.2046,4.496,3.0799,7.217,118.633,8.191,17.581,13.157,22.074
1995-08-27,23.1817,18.0028,11.7724,11.743,10.502,15.8041,15.8996,6.6468,17.4925,9.8564,0.7848,28.8584,1.4427,0.9534,5.1825,8.0406,5.8739,6.5228,14.9517,1.9613,15.4102,27.8857,4.538,3.1851,7.5503,119.663,8.413,18.074,12.964,22.414
1995-09-27,23.0318,17.005,14.2624,10.6522,10.8398,14.3413,14.4535,6.4486,16.3263,9.0104,0.7437,28.552,1.4097,0.8606,4.4154,7.8925,5.8594,6.488,12.9734,1.9232,14.3493,25.0838,4.392,3.0799,7.6785,115.074,7.994,17.227,12.292,21.549
1995-10-27,24.0061,15.8547,14.8553,11.1562,11.7532,13.5621,13.3915,6.6315,17.026,9.0241,0.7098,28.2734,1.4372,0.8042,3.8541,7.7502,4.958,6.3834,13.3259,1.8699,13.666,23.8163,4.256,2.5333,7.6016,112.231,7.836,17.157,11.684,21.57
1995-11-27,23.9561,17.5039,14.9061,11.6227,10.794,16.9508,14.6116,7.0203,17.4501,10.6955,0.8242,27.9391,1.6241,0.7861,4.5277,7.7792,4.735,7.2894,13.979,2.0729,14.637,23.0157,4.601,2.3967,8.2682,124.9,8.158,17.713,12.376,22.42
1995-12-27,25.4299,18.1969,15.4651,12.2734,11.6925,16.4656,12.7287,7.2566,17.3017,11.2973,0.8755,27.1313,1.6241,0.8596,4.0599,7.8693,4.9531,7.5124,13.1144,2.182,14.0616,24.6835,4.862,1.829,8.3323,128.213,8.288,18.123,11.755,23.681
1996-01-27,28.6024,19.3887,17.1082,13.0068,12.7617,14.9073,14.3405,8.2932,18.9343,11.5627,0.9307,31.254,1.6653,0.8969,4.0375,8.6968,5.21,7.7354,14.4724,2.3292,14.3493,25.7109,4.946,1.7502,8.563,129.511,8.948,20.88,13.202,25.067
1996-02-27,28.2527,19.6382,19.8861,12.5592,13.2659,14.1869,15.892,9.307,19.0615,11.5095,0.9307,33.4267,1.6626,0.8395,4.1647,8.9291,4.7544,7.4427,14.8201,2.4738,14.3313,23.6295,5.49,1.7618,8.7553,126.064,9.331,21.022,12.914,24.85
1996-03-27,31.1754,21.0102,22.0204,13.2137,14.009,14.5986,17.2176,9.4518,19.2735,11.1797,0.9031,33.9838,1.6076,0.8193,4.8644,9.4663,4.8029,8.1535,14.9,2.3545,14.9247,22.4286,5.772,1.6503,9.8962,125.348,10.254,24.293,12.372,24.36
1996-04-27,32.899,22.0635,23.2061,13.2401,15.6014,15.4512,18.3022,9.9168,19.7824,10.747,1.0056,43.4268,1.69,0.9413,4.4491,9.3502,5.2439,9.0734,15.2054,2.4966,13.9357,26.4847,6.138,1.8007,10.8704,118.812,11.031,24.038,13.281,25.147
1996-05-27,32.0747,22.0774,23.7143,13.7328,15.1654,13.9737,18.9575,9.8406,19.3583,10.4348,1.0253,44.6525,1.6571,0.911,4.1909,9.1092,5.2924,9.2407,15.9337,2.4915,13.7199,25.7509,6.222,2.0729,11.6652,116.171,10.814,24.213,13.193,25.46
1996-06-27,30.2511,23.6019,23.0367,14.2932,14.6346,13.1505,20.1776,10.4809,19.2947,9.8851,1.0135,50.3071,1.6488,0.8355,4.116,8.9582,4.9531,8.9203,15.4309,2.5727,13.9537,24.1365,6.41,1.7502,11.8575,116.999,11.082,25.245,13.858,24.187
1996-07-27,27.6032,22.7454,21.021,13.3341,14.8052,12.9005,17.0971,10.4428,18.5102,9.6616,0.9149,45.6831,1.6571,0.7558,3.7419,8.6823,4.5169,8.4324,14.6368,2.7706,13.1625,22.3353,6.012,1.6609,10.7551,117.424,10.254,23.515,13.245,22.935
1996-08-27,27.4783,25.1236,19.9031,14.1052,15.2374,13.5254,17.5038,10.1226,18.7859,10.293,0.8912,46.6024,1.7807,0.7236,3.7007,8.238,4.5993,9.1816,14.8013,2.6945,12.9467,23.3226,6.378,1.9594,12.0498,121.05,11.348,25.528,13.592,23.633
1996-09-27,27.4533,26.1297,20.2418,15.1207,15.7568,14.1796,18.257,10.2674,18.682,10.8108,0.9859,52.3685,1.8192,0.6752,3.4612,8.6823,4.1195,9.2339,13.0486,2.9838,13.3963,23.5361,6.64,2.1276,12.3318,121.095,12.307,26.508,13.84,24.217
1996-10-27,28.5525,27.4103,22.3592,15.3163,17.6677,14.5177,18.837,10.3132,18.5654,11.3499,1.0766,53.0648,1.8577,0.6611,3.6483,9.1672,4.0904,9.5649,12.6163,3.1512,12.8748,21.4413,6.587,2.2443,13.1009,125.124,12.156,27.159,14.228,23.564
1996-11-27,31.725,28.1268,22.4439,15.8956,17.6297,14.9073,18.8144,11.4947,18.5654,11.0378,1.1397,55.5719,1.9099,0.6792,4.3742,9.3647,4.2649,10.2269,13.5091,3.2933,13.612,21.548,6.378,2.6595,13.1907,122.752,13.943,28.257,15.376,21.454
1996-12-27,35.522,29.4531,24.5612,15.8279,19.3359,14.8117,17.7373,11.6166,19.1252,11.6762,1.4591,57.3825,2.2534,0.7579,3.9402,9.2747,4.105,10.6799,13.3775,3.5521,13.0007,22.2819,6.242,2.7951,13.8444,124.363,15.106,29.02,16.683,21.412
1997-01-27,37.1457,28.9653,27.3561,17.3399,20.7007,16.7009,20.1023,12.2721,19.5217,12.5913,1.258,66.6305,2.2891,0.8566,4.5015,9.2921,5.1567,12.2828,13.7253,3.953,14.2234,30.7543,6.587,3.2534,14.4982,125.885,15.093,28.973,16.292,23.409
1997-02-27,35.0224,30.1544,26.5939,17.3362,21.042,18.9649,23.3109,11.6242,20.9444,13.4284,1.2698,68.8033,2.6684,0.8264,4.9655,9.1672,4.9434,13.1365,14.7637,4.3285,15.9137,31.288,6.859,3.2481,15.9467,149.522,16.055,33.597,17.945,25.484
1997-03-27,34.1231,30.0019,26.8141,18.3141,20.8524,18.3842,24.2523,12.5008,20.7345,13.2049,1.2501,67.4105,2.7151,0.7679,4.5651,9.205,5.2584,12.8751,14.8342,4.3691,16.0395,32.0885,6.504,3.1378,16.7543,151.671,16.042,32.711,21.13,26.491
1997-04-27,33.3487,29.6818,25.9163,17.4377,20.0941,17.4065,24.0038,12.2874,19.4284,12.5168,1.2698,64.1513,2.8387,0.8526,5.0702,8.6097,5.2633,13.0668,13.7863,4.7243,15.0865,31.1546,6.682,3.2218,16.8184,144.419,16.898,32.004,22.008,26.855
1997-05-27,35.2722,31.7703,25.5606,20.3114,20.0562,18.443,22.3995,10.9916,21.2243,13.095,1.5064,68.7197,3.5175,0.8526,4.6736,8.5371,5.3651,15.3666,13.8568,5.3028,16.1474,34.0899,6.849,3.6938,18.8438,169.668,16.476,32.192,23.508,29.657
1997-06-27,38.6445,38.1122,27.949,22.1921,22.0656,18.3768,24.3954,12.1121,22.6004,13.1553,1.4906,81.3383,3.8665,1.03,4.5838,8.7113,5.9951,15.8195,14.2797,6.1299,17.6579,42.2288,7.215,4.1027,21.3179,168.414,16.315,32.004,22.556,31.221
1997-07-27,40.6929,38.0055,28.4571,23.1325,22.1794,20.435,27.0391,12.7981,22.5537,14.081,1.3408,79.3884,3.5697,1.8463,5.5192,8.9814,6.7705,17.7186,14.5664,6.3938,17.4601,48.0328,7.163,4.7292,24.3816,210.943,17.972,37.259,23.668,37.108
1997-08-27,34.5228,33.8437,27.1867,22.4178,22.6343,20.3101,24.2147,11.6852,21.8773,14.0243,1.3644,73.5387,3.4831,2.0458,5.1076,8.5633,5.8642,16.2899,13.932,6.1654,16.543,48.2329,7.56,4.5306,21.0358,182.874,16.106,31.674,20.791,33.755
1997-09-27,31.4752,35.5206,22.8673,25.5397,20.5491,21.9713,27.9203,12.1578,22.2971,14.0065,1.4197,77.522,3.9118,2.3763,5.4257,8.1451,6.8451,15.8544,13.6078,6.8505,16.2913,58.9069,7.989,5.0667,20.1898,188.47,16.042,33.112,23.557,35.484
1997-10-27,25.1801,30.3678,19.1069,23.8095,19.3359,20.5379,24.5536,11.266,20.7811,14.12,1.3408,70.196,3.3389,2.589,5.6091,8.1306,6.28,14.5477,12.2874,6.1198,15.7339,59.3072,8.574,4.8459,19.9206,185.336,15.224,29.459,20.316,32.846
1997-11-27,24.5306,34.0723,21.4699,23.1701,22.1414,21.0231,23.7251,12.5008,21.0843,15.1557,1.5222,83.1489,3.681,2.7133,5.3509,7.7095,5.3098,14.0599,14.0965,6.9342,17.0105,61.9756,8.281,4.5306,20.5359,188.134,15.883,30.991,20.797,31.594
1997-12-27,23.8062,32.5631,19.8692,23.3958,24.075,22.5226,23.5142,13.5908,20.9677,16.351,1.538,86.1294,3.8459,3.0309,5.7812,7.6486,5.3684,14.3212,16.2767,7.056,19.2223,68.1132,8.26,3.8893,19.8821,202.571,15.847,29.906,19.605,30.894
1998-01-27,24.9553,35.6883,20.9871,23.0948,24.8712,22.0154,25.1712,14.4445,21.3409,17.2732,1.8298,99.3608,4.5178,3.6873,6.668,9.0888,6.3973,16.0634,17.6206,8.3728,19.9595,81.7892,8.864,4.2562,21.7281,236.729,15.674,32.089,21.56,32.324
1998-02-27,30.5759,41.8015,24.2394,25.126,26.1603,27.0507,28.5454,14.2463,22.9502,20.891,1.7548,111.1995,5.8698,3.884,6.9224,10.8311,6.7065,18.8684,18.7013,10.702,22.1173,91.6626,9.411,5.7972,24.0739,252.935,16.796,36.081,29.17,33.338
1998-03-27,32.8491,42.9601,23.6804,28.5488,26.8048,36.4596,34.7064,15.9309,24.4662,21.9905,1.9441,122.3417,6.4304,4.7963,8.2508,11.7022,7.9434,21.0985,20.2049,11.1282,26.1272,110.7423,11.669,6.3176,26.6505,247.015,20.349,39.168,33.044,36.959
1998-04-27,30.5259,41.1002,23.3755,24.8251,25.857,35.0556,33.4335,16.9599,24.9094,23.7285,1.7943,116.6591,6.4634,4.5167,8.4042,11.6732,7.1757,21.2727,18.9128,11.1434,24.0953,116.2127,10.665,7.148,23.5355,253.988,20.107,36.246,29.96,31.266
1998-05-27,30.8756,45.1249,23.5025,28.0223,26.3878,37.0477,37.0563,18.5606,28.0347,24.2959,1.9165,135.5453,6.3397,5.1755,10.365,13.1977,8.6364,24.1997,19.7116,11.661,27.8714,133.291,10.77,7.5874,25.1892,261.371,20.145,37.236,34.34,35.171
1998-06-27,29.8015,51.604,23.6296,29.0002,26.729,36.4523,36.9057,19.361,27.1571,23.6575,1.9362,138.9993,6.4222,4.6873,10.365,13.642,8.4338,23.0324,19.6176,12.0721,31.198,124.2182,10.613,7.9679,24.6123,270.258,22.101,43.038,35.75,32.354
1998-07-27,30.7008,51.8479,22.7149,25.2012,27.2977,37.1947,30.6618,18.5988,24.0347,27.6655,1.8613,131.1998,6.6283,4.9646,10.7017,13.6478,8.1246,26.0291,19.1712,12.6505,31.0901,133.2243,10.456,10.4697,23.6893,300.337,21.308,39.833,33.431,38.002
1998-08-27,24.5306,50.6893,18.2939,22.1921,25.0229,29.697,25.4047,17.646,21.3846,25.9984,1.7746,131.6176,4.6587,4.2608,8.5127,12.5995,6.0561,21.5689,18.1844,9.1111,28.6626,118.0806,8.2,8.4514,21.4973,248.861,18.189,31.179,27.216,36.005
1998-09-27,19.7094,41.5423,18.6242,27.1571,31.3544,23.537,22.0681,16.4797,22.3029,19.5077,1.9126,126.4644,3.9187,3.32,8.0076,10.9908,4.5794,15.7847,19.3121,7.3757,26.325,91.329,8.626,8.4935,20.5359,233.57,16.101,30.284,20.668,27.064
1998-10-27,24.4057,48.7836,21.9018,25.2012,31.2786,25.7129,25.48,16.7694,24.6644,22.3097,1.7746,128.4142,4.3392,4.0522,9.8411,10.1603,5.1925,15.3491,16.3519,8.7229,27.1521,114.0779,8.94,9.366,23.2279,256.449,17.307,31.485,23.106,30.357
1998-11-27,28.6024,55.9183,22.0543,26.4801,39.7712,34.1883,28.0182,17.3792,26.1076,26.6014,1.9244,136.4924,5.1044,4.5712,10.5521,11.467,5.9708,20.1751,18.7906,10.8009,30.9103,127.954,10.77,10.9637,26.1121,285.503,16.949,34.125,27.197,36.065
1998-12-27,26.7289,58.4642,22.6133,21.5903,35.2595,32.7108,24.4783,17.6841,26.3175,27.8428,2.0467,141.7849,4.8017,4.6755,9.654,10.1487,5.8589,20.0358,17.5971,10.5726,28.6446,122.9506,11.92,12.982,26.689,280.284,16.361,33.404,24.68,33.516
1999-01-27,34.4106,61.4,23.6667,21.5889,40.6618,37.9232,24.2086,18.275,24.7845,28.8496,1.9527,148.9173,4.6509,4.0103,10.7507,10.4952,5.5535,19.4465,16.0276,9.4985,26.9519,120.3891,11.447,15.75,29.1531,283.81,16.0,30.053,23.462,35.035
1999-02-27,31.7888,56.0,22.35,23.4394,39.866,35.0542,26.4318,17.4,23.3732,27.6398,1.87,138.0454,5.065,4.616,9.6437,10.019,5.6567,19.5809,16.6132,10.2508,26.7631,123.7477,13.917,15.575,29.6616,248.691,15.85,29.546,25.135,33.228
1999-03-27,39.5886,56.8,24.6667,27.7818,37.752,37.1276,24.752,15.1,23.1494,27.6863,1.7585,127.539,5.2189,4.7444,9.818,9.6952,5.9251,19.0242,17.692,10.342,27.1878,125.2977,13.094,17.3125,29.4921,250.473,16.835,31.389,24.154,34.604
1999-04-27,41.5385,61.75,25.95,29.5089,38.523,35.8016,29.3714,15.725,26.3336,28.3145,1.7637,139.5072,5.7842,4.8913,10.088,9.9619,6.7096,22.1917,20.1423,10.8663,28.3673,129.4312,15.152,18.625,29.704,262.061,21.15,37.142,25.925,41.214
1999-05-27,43.3246,58.0,28.9667,28.9168,40.8856,38.2848,28.0621,17.15,24.7845,25.9647,1.7926,152.5717,5.5855,4.4303,11.3153,11.1047,6.2348,20.0416,19.079,10.4256,30.8324,119.6141,13.876,16.81,28.0938,238.752,18.8,34.339,23.788,38.125
1999-06-27,49.9461,61.55,32.0666,29.731,38.5678,38.4777,26.8517,15.6,25.9893,26.7092,1.9356,145.537,5.6751,4.5321,12.1498,11.1333,6.3586,19.6961,19.603,10.7067,30.8796,109.2802,14.807,20.6225,27.8819,241.337,20.965,36.782,25.923,42.788
1999-07-27,49.117,63.1,30.0667,29.5089,38.1997,35.0301,29.6431,15.35,25.5763,26.5928,1.7585,144.258,5.1378,3.7274,10.3335,11.8333,6.7922,19.3505,18.8786,9.3313,29.2755,104.1133,15.317,20.8125,27.7124,224.401,21.0,36.644,26.346,45.353
1999-08-27,52.9022,63.5,35.0333,30.7919,39.7914,36.6454,31.6193,15.75,25.8172,28.71,1.8411,154.2162,5.5352,3.8939,11.3398,12.2381,6.4825,20.6943,20.1577,9.9165,29.3699,115.7389,16.429,20.87,28.8989,228.501,21.325,38.654,30.05,47.51
1999-09-27,51.9288,60.65,34.4666,29.1635,40.1395,36.9106,33.3979,15.395,25.3869,27.3374,1.8254,159.1497,5.5743,3.8291,11.3717,12.5238,6.3173,19.6577,20.4352,9.6125,27.3175,120.1308,15.029,21.3725,27.3311,241.123,20.7,33.888,27.36,47.335
1999-10-27,51.6405,58.75,35.6667,30.94,41.0746,37.1276,33.6944,14.7,24.4403,28.8264,1.7598,156.957,5.2721,3.5794,10.7385,13.5,6.2038,20.3065,19.5567,9.4149,27.6006,109.2802,15.012,24.55,25.0937,251.81,20.8,34.708,29.6,48.851
1999-11-27,59.1747,64.9,42.0,33.0865,41.0149,42.9137,33.3485,13.95,24.9911,31.1762,1.8372,194.5061,6.1844,3.7921,10.5544,17.619,5.6588,22.4988,18.7091,10.5624,27.0934,119.0974,15.605,36.0575,25.8649,265.849,22.3,38.349,25.9,59.053
1999-12-27,76.4423,75.5,48.8333,32.0749,38.7767,44.1674,36.9304,15.25,28.8465,32.1999,1.8109,236.8972,6.3691,3.5979,10.7753,33.8094,6.2657,22.8636,16.8906,10.6383,26.7513,123.4893,17.294,42.125,23.9412,305.292,25.25,41.567,30.0,69.779
2000-01-27,75.8835,66.25,47.7333,32.3957,37.8018,38.9358,37.0539,14.7,26.609,28.8496,1.5747,186.7405,5.815,3.1725,11.0453,40.4046,5.9912,20.5676,16.8906,10.2584,26.598,104.1133,15.935,45.8,21.1106,313.671,22.275,37.704,24.25,87.384
2000-02-27,70.9628,69.7,42.1666,34.0488,40.2888,39.6831,29.6431,12.0,25.3869,30.0362,1.6797,194.5975,6.0836,3.3112,10.5544,57.3808,6.4412,20.3488,15.8735,11.9301,25.1236,95.0712,14.098,52.0,18.0512,316.88,22.58,39.456,27.0,109.594
2000-03-27,77.686,67.0,47.6667,34.2215,38.9856,40.768,32.8792,13.865,24.9911,34.3171,1.8634,182.9947,6.3915,3.6349,10.1248,71.5236,5.9333,21.635,15.7348,11.6946,26.539,106.9551,15.852,58.05,21.9411,373.125,24.625,41.124,32.55,93.272
2000-04-27,81.8317,73.1,54.0,40.0937,40.4877,43.0825,35.5224,14.5,24.5436,36.9927,1.7978,200.0791,6.2515,3.8754,10.7262,64.2856,5.5844,23.1131,15.4728,11.2614,28.7211,114.7055,14.741,59.8,21.2292,362.544,24.5,40.709,30.2,88.375
2000-05-27,80.6781,76.0,50.8333,38.6133,45.1134,45.0353,35.8188,14.8,24.905,36.0887,1.7703,201.3582,5.759,4.0036,11.4134,55.2379,5.6464,24.3033,17.4146,11.4514,31.7289,123.7477,15.482,51.95,24.4073,336.936,22.5,38.349,32.29,87.559
2000-06-27,81.435,86.5,48.8333,40.3404,49.59,45.855,34.9542,15.125,24.991,40.1746,1.7847,214.6968,6.1004,4.1899,10.7753,59.7617,5.6195,26.0848,18.4933,11.6794,32.1771,125.8144,15.523,56.1,26.2209,335.153,20.505,35.851,31.09,92.485
2000-07-27,85.4816,85.8,48.9666,39.0327,54.7629,50.2428,36.6587,16.3,25.7484,38.7339,1.6522,200.9928,6.2739,4.3109,11.5607,53.8798,5.7063,27.7588,17.5687,11.7402,34.9136,133.0481,15.301,45.0,25.2971,363.677,22.16,40.451,36.89,97.673
2000-08-27,82.4175,82.55,48.0,42.5363,58.3938,51.834,40.0676,15.65,27.1872,40.3872,1.7453,187.2887,6.7497,4.5809,13.9661,52.457,5.8632,28.8722,18.3701,12.842,36.4705,143.8986,15.416,46.3,27.3734,342.988,21.095,44.876,37.35,102.89
2000-09-27,76.6946,85.6,55.6667,40.8092,59.1897,48.0971,35.72,14.45,24.9532,36.254,1.8385,182.2639,6.884,3.9571,14.0275,43.0285,5.4626,28.0928,16.8135,12.6824,37.7444,148.5488,14.823,46.8,27.4836,332.033,20.15,38.985,36.65,90.036
2000-10-27,76.1088,87.6,53.0,41.0559,61.1792,45.3246,33.8179,14.425,23.9308,35.3093,1.9199,189.1159,6.2907,4.3388,14.4816,35.2799,5.3925,29.4404,17.4146,11.4362,38.5936,151.9073,14.576,46.06,29.2464,348.523,21.75,45.245,38.23,84.125
2000-11-27,72.9996,92.0,56.6666,42.1662,65.4568,43.9263,35.5224,16.26,28.1717,38.5922,1.9159,192.0394,5.871,4.674,14.4816,23.9999,5.923,31.5406,17.9386,11.839,35.8572,150.0989,13.283,50.5,29.5769,354.584,21.88,45.992,35.53,80.791
2000-12-27,64.3929,88.8,49.6,38.4652,67.2474,44.1674,37.795,16.95,29.7242,35.4274,1.7899,205.5607,6.1788,4.8509,16.1752,23.3142,5.4131,32.4812,22.8085,11.7022,38.4049,141.5735,15.647,47.0,29.0684,353.069,23.79,50.472,36.0,80.155
2001-01-27,62.8157,81.45,49.0,38.5886,61.4279,46.8194,36.8563,16.005,27.3008,34.9314,1.8726,204.0076,6.7161,4.944,15.1688,21.7714,5.601,31.8286,24.6578,12.8268,35.9751,145.707,16.429,40.25,27.543,319.688,22.86,48.223,38.12,90.065
2001-02-27,61.2836,81.9,49.6666,38.2432,60.1844,43.2271,36.0658,16.645,28.0392,31.6485,2.1128,205.1039,6.2627,4.3016,16.077,19.8685,5.5328,28.7417,23.1167,12.3481,35.3854,134.8565,16.939,24.8,29.5599,315.899,24.24,48.582,38.05,73.918
2001-03-27,53.5331,79.1,46.0,37.9471,59.3389,45.0112,33.1015,15.75,30.4247,28.6017,2.0996,184.5479,5.8206,3.8919,16.6415,15.2485,4.9507,27.7396,22.5927,11.5882,32.932,129.1729,15.969,29.4,29.2294,295.042,23.035,46.093,35.33,72.868
2001-04-27,61.4188,84.05,53.0,41.8701,65.7055,48.1694,36.7822,16.3,31.466,31.2706,2.1653,178.5181,6.2124,4.0036,16.3838,15.5314,5.2645,29.5518,24.0414,11.9681,34.371,134.8565,16.738,35.62,29.6616,285.236,24.4,44.157,37.21,70.018
2001-05-27,61.1034,77.75,55.7333,42.9804,71.3758,49.8089,36.4117,16.3,31.3335,32.6876,2.0222,190.669,6.1508,4.134,17.6724,15.2485,5.6897,29.2178,24.1338,11.9681,34.7248,140.7984,18.113,37.0,30.043,285.236,24.15,43.3,40.04,79.03
2001-06-27,53.8034,73.8,54.7333,41.1793,74.3104,49.3749,31.4711,17.0,30.5004,30.4203,1.9947,155.3126,5.9437,3.864,17.8442,9.8657,4.9238,28.9682,25.5054,11.383,37.1546,128.3978,17.842,25.55,30.8481,293.722,21.89,40.276,38.65,60.72
2001-07-27,51.6405,81.15,54.0,39.3535,69.7841,46.6265,29.1491,17.1,30.5572,30.2219,1.929,154.4903,5.3449,3.3891,17.6479,9.6171,5.3305,27.7972,25.5208,10.152,35.3146,123.2309,17.552,23.8,28.8565,284.345,22.67,42.424,39.96,53.864
2001-08-27,51.5504,77.0,55.4666,40.3157,74.1114,50.0982,31.6687,16.845,30.0082,31.0533,1.9947,145.4456,5.8206,3.3333,17.0342,9.0514,5.3057,27.7972,26.7229,10.8359,35.9044,126.0727,18.005,19.07,29.0345,283.989,23.175,32.348,36.25,52.474
2001-09-27,30.8941,75.85,44.3333,35.4798,70.1323,42.6003,24.8261,15.055,28.5314,19.6504,1.8766,110.2719,4.6845,2.3649,15.4511,7.0028,3.5509,21.6388,24.1955,8.5107,33.4982,102.8216,14.612,16.9,24.9581,213.33,18.54,28.052,26.85,37.163
2001-10-27,38.3924,78.4,47.8333,39.2794,75.8026,45.0112,22.5041,15.95,30.7087,24.8369,1.9159,125.3464,5.177,2.6256,15.4879,8.9828,3.8998,22.5679,24.2263,10.0304,31.1155,107.2135,15.607,24.2,26.526,251.365,19.65,31.343,34.55,50.131
2001-11-27,41.5377,75.15,56.9666,35.4058,74.6088,47.5908,25.4684,17.05,29.3077,23.0419,1.9225,132.2897,5.3673,2.5791,15.7088,10.7743,3.9287,22.9058,24.8736,10.4864,30.054,111.8637,16.105,26.49,27.7124,227.476,21.605,33.602,37.84,60.335
2001-12-27,40.4832,79.95,56.4333,38.9094,85.3525,48.3623,25.6413,16.7,30.2922,22.3428,1.8989,132.3811,5.2609,2.6443,15.9543,11.3143,3.6769,21.6542,26.5071,10.6155,31.8232,115.7389,18.05,28.25,27.687,231.309,20.9,32.864,39.65,64.926
2002-01-27,42.3668,78.3,57.8333,39.3535,78.1403,51.5929,25.1967,16.975,29.497,21.2659,1.8175,112.0077,5.2217,2.7234,16.8624,11.8628,3.5657,22.8444,26.3684,10.2356,31.0919,118.064,16.43,26.4,25.17,237.459,22.65,34.68,38.49,62.171
2002-02-27,48.2158,79.3,54.4666,41.5494,75.2057,52.9912,27.8645,19.145,30.4815,19.8866,1.8897,110.0892,5.1602,2.4255,17.2429,12.0,3.0314,20.0032,27.8017,10.1444,31.3986,114.7055,17.389,24.5,22.9835,223.554,22.04,32.68,41.92,59.076
2002-03-27,52.2263,82.1,56.6666,43.2025,70.6297,54.5342,28.6056,20.45,31.182,23.9111,1.9553,123.7932,5.3281,2.9236,18.1265,11.6571,3.3289,23.6122,27.7709,10.076,31.7997,124.5227,18.05,24.23,25.1276,239.732,23.0,35.999,45.1,65.057
2002-04-27,51.5954,85.35,56.6333,41.1546,69.8836,55.4503,26.5553,22.65,31.5607,22.3428,1.9894,116.3931,5.6247,3.3891,17.6724,10.6028,2.7109,22.4911,30.8069,9.9393,34.2294,133.5647,17.009,18.27,23.3056,234.117,22.62,34.183,43.85,57.878
2002-05-27,54.5244,79.4,58.4666,41.574,66.6505,58.8256,26.4565,21.9,32.3937,21.3131,1.9684,117.4894,5.5575,2.8491,17.022,11.8028,2.6879,22.2301,30.1442,10.0,35.173,126.5894,17.073,15.35,20.6275,222.351,24.5,32.772,46.5,61.253
2002-06-27,44.1603,76.55,52.8333,38.8107,58.4933,51.2554,26.6788,19.145,32.1618,16.2021,1.8989,106.8002,4.3431,2.7932,16.4329,11.16,2.5307,18.6594,29.127,8.4499,31.7997,115.4805,14.838,13.95,17.0342,170.028,22.855,29.324,40.8,51.329
2002-07-27,38.3023,66.4,48.1666,33.1852,53.967,41.6504,22.8845,18.65,28.0723,11.4312,1.559,78.2501,3.8953,2.0437,13.9661,10.5428,2.1997,14.9352,26.877,7.2341,27.1288,90.421,13.571,11.55,14.1783,130.139,19.175,22.77,36.85,42.847
2002-08-27,41.006,75.9,48.2,37.0095,62.8704,50.1946,24.505,20.13,31.2246,15.0401,1.7125,82.9095,4.0912,2.4115,15.5247,11.8285,2.5245,18.3292,27.1852,8.1459,31.1391,106.4385,13.3,14.51,16.2122,129.961,20.995,23.047,39.63,44.814
2002-09-27,34.6072,76.0,43.6667,34.5175,58.6923,35.5846,21.7679,20.56,28.1575,10.3826,1.7125,61.7139,3.0278,1.7132,15.2916,10.4571,2.1055,11.8484,28.1099,6.1626,29.134,96.6213,12.087,14.5,11.1867,81.337,18.35,18.004,34.25,31.794
2002-10-27,38.7799,75.55,49.0666,33.7774,60.7813,36.4718,23.423,20.5,27.8167,13.3018,1.6469,63.404,3.498,1.3594,14.4693,12.1714,1.6907,12.8236,31.5312,7.1885,30.3371,96.8797,11.717,16.78,10.3816,90.91,18.125,16.981,36.22,37.583
2002-11-27,41.9973,72.55,49.8333,33.654,59.6373,39.7314,23.5169,20.405,29.0734,14.8323,1.7755,83.1379,3.9737,1.9972,14.2361,12.5485,1.9756,14.3363,28.6647,8.0471,31.5873,104.3717,12.368,19.42,11.3985,101.883,19.2,21.811,33.74,44.027
2002-12-27,34.8956,71.0,44.3333,32.8151,56.6032,36.3947,21.9507,19.255,26.0063,12.0831,1.7046,62.125,3.6882,1.8342,13.1316,10.8257,1.6152,12.0327,28.5106,7.0213,29.7709,97.913,10.812,15.05,9.8731,80.143,17.85,18.022,27.97,34.977
2003-01-27,32.6425,61.0,42.2666,28.7194,45.7501,33.5113,20.7304,16.875,23.4291,10.5621,1.7913,57.2372,3.3412,1.7784,13.377,11.0057,1.655,10.4815,26.7537,6.421,27.3647,87.3209,10.224,13.06,9.1951,66.665,15.93,15.192,26.31,31.103
2003-02-27,33.9403,59.95,38.4666,29.9777,48.5654,35.9704,19.7621,16.635,25.0904,10.3731,1.8634,52.1667,3.2181,1.9553,13.3157,10.3285,1.5691,9.0226,27.2584,5.8511,25.9493,91.4544,10.495,12.02,2.9831,58.384,16.73,11.542,25.2,31.89
2003-03-27,35.193,58.65,41.6666,29.2375,47.9685,36.115,21.5555,17.335,27.1139,11.2423,1.9737,45.6801,3.4028,2.0111,13.107,10.8428,1.2214,8.869,30.514,6.0867,27.459,91.196,12.332,13.69,2.856,46.699,18.15,12.058,26.43,35.729
2003-04-27,33.697,62.55,39.4333,28.8921,51.4303,39.1913,20.7798,18.22,27.3907,12.4232,1.9487,52.2581,3.8841,2.1089,14.1257,11.8285,1.3094,10.7349,30.4948,6.9757,29.0868,99.4631,12.169,14.58,3.0085,56.17,19.08,15.441,29.06,37.443
2003-05-27,38.0589,61.1,41.5333,30.1011,51.1319,39.6542,19.4162,17.8,26.9435,11.3651,1.9435,61.7139,3.6882,2.3277,14.0029,11.5714,1.3701,9.9056,31.5928,6.2538,27.6242,97.138,11.436,14.04,5.2035,60.53,17.495,15.257,27.04,34.575
2003-06-27,40.0236,60.55,42.2666,32.9632,51.1319,43.4055,19.9548,17.3,27.6889,12.9239,1.9973,61.0287,4.4214,2.6862,14.6288,12.2057,1.3617,11.856,30.2251,7.1429,28.4734,108.5052,11.988,14.84,6.3052,72.25,19.005,18.76,33.39,37.513
2003-07-27,42.7093,57.9,41.4333,31.8282,51.4303,43.502,22.43,17.75,28.051,13.7931,1.9894,63.2213,4.3654,2.7094,14.5429,13.3714,1.2165,13.0155,29.6857,7.0137,28.1196,106.1801,14.024,13.02,5.7544,83.41,20.195,17.866,34.23,42.847
2003-08-27,48.9368,62.0,47.3333,34.4435,49.4408,43.8491,23.759,18.5,27.9871,15.1912,2.0393,71.2154,4.3934,2.6163,14.5552,13.92,1.3942,13.8448,30.4562,7.462,29.3463,110.0553,14.838,14.67,7.39,83.5,21.29,18.225,35.99,47.848
2003-09-27,47.4047,61.0,44.9,32.6917,53.022,42.3833,22.5782,19.19,26.7092,14.3957,1.9238,66.693,4.1472,2.5093,15.4879,13.98,1.5471,12.4396,32.556,6.8313,30.8796,105.9218,14.25,13.39,6.8222,75.83,19.28,17.644,33.15,45.426
2003-10-27,52.046,62.1,48.5,32.8398,52.2759,42.5858,23.8133,20.21,26.7518,15.0666,1.912,77.4735,4.3934,2.5232,15.3406,14.4942,1.4841,13.0616,32.19,7.1581,30.9504,107.2135,13.978,14.21,6.5171,82.4,19.825,18.032,33.5,48.321
2003-11-27,52.046,62.0,51.4,33.3579,56.4043,45.2089,25.7401,20.845,28.9456,15.4308,1.8962,76.0575,4.8188,2.9329,16.4452,15.9857,1.4976,13.745,34.2512,7.576,30.6909,108.5052,14.06,15.17,6.3024,93.61,20.67,20.935,37.49,53.121
2003-12-27,50.9195,64.65,50.3333,35.4551,58.4933,47.3497,25.6413,20.325,29.3929,16.1592,2.0472,69.3425,5.149,2.9515,15.942,16.7,1.3897,13.7373,33.4999,8.1763,30.2663,110.8303,14.793,13.83,5.8415,99.69,21.645,21.203,36.94,54.573
2004-01-27,54.5695,64.55,53.1666,35.7019,54.6136,49.8571,26.6541,23.0,28.7965,18.239,2.0275,75.5093,5.2665,3.0074,16.5679,19.03,1.3829,15.9795,33.6733,8.3207,31.7761,113.9305,15.516,16.9,6.8134,108.15,22.47,22.364,35.59,57.808
2004-02-27,55.4256,66.15,53.1,36.2693,54.7131,49.0374,26.4318,23.075,30.3726,17.7119,2.1784,79.3921,5.2161,2.7839,17.9424,18.03,1.3964,15.1118,38.0462,8.4347,33.0971,109.5386,15.2,17.63,6.7032,100.26,21.4,21.018,34.38,54.258
2004-03-27,52.1361,61.6,53.7,36.442,53.4199,47.4751,25.666,23.45,29.3503,16.4755,2.1548,76.7883,4.9251,2.5651,19.3047,18.01,1.2323,13.5914,37.5068,8.1991,31.6109,101.5299,14.983,16.22,6.5229,90.05,20.575,18.585,32.85,52.072
2004-04-27,54.8398,64.5,57.3,39.4275,51.1319,49.8571,28.6303,24.755,32.2044,17.6352,2.2099,80.1687,5.2441,2.6163,20.041,18.6,1.3582,14.6204,41.1477,8.6475,33.6397,102.3049,16.195,12.57,6.7433,92.05,22.405,20.862,37.01,56.584
2004-05-27,52.9473,64.7,54.3333,38.4406,54.3152,49.0856,27.6175,26.225,31.1181,16.2934,2.1613,77.7019,4.9139,2.7746,19.3292,18.22,1.275,14.1981,39.9148,8.3055,33.4274,99.7215,15.725,11.25,6.2824,85.58,21.185,21.765,35.0,50.97
2004-06-27,53.488,66.7,54.0667,39.5262,52.1267,49.4713,27.6422,26.425,32.1447,17.1847,2.2742,76.3772,4.8636,2.9236,19.8078,18.0,1.5201,14.8047,40.7239,8.4043,34.3002,104.8884,15.444,11.68,6.2022,87.32,21.78,21.59,35.4,50.891
2004-07-27,50.7392,59.55,52.7,38.4899,52.7236,45.3342,25.8883,25.7,30.9264,16.0154,2.2296,72.5401,4.4718,2.8584,20.5196,16.1,1.4279,14.3132,40.1845,8.2295,32.2243,101.7882,16.358,9.64,5.7514,79.48,21.585,19.691,35.64,48.006
2004-08-27,48.351,55.9,52.1666,39.6002,58.2943,49.3267,25.6907,25.425,30.7155,16.3413,2.2072,68.9314,4.4774,2.8305,21.796,15.84,1.3312,15.5265,39.3754,8.3283,31.5873,102.5632,17.145,9.79,5.2103,80.99,22.52,19.838,34.55,49.702
2004-09-27,48.4862,52.75,51.9667,41.7961,57.0011,50.0982,25.4931,25.075,29.6378,15.5458,2.1836,67.3326,4.3543,2.8025,22.471,15.85,1.3042,15.4113,39.7607,8.3131,29.8652,105.4051,17.561,11.12,5.05,80.97,22.84,20.023,33.59,51.635
2004-10-27,48.6214,53.0,50.3333,40.5378,57.0011,50.9661,25.5672,26.325,29.8018,15.91,2.2177,66.1906,4.7964,2.9701,23.011,15.4,1.2412,15.7185,41.4174,9.1338,30.7617,107.2135,16.801,11.9,5.3606,81.61,24.425,20.29,33.28,51.11
2004-11-27,48.5312,55.25,46.4,40.9572,56.7524,50.8696,25.9624,25.325,30.9264,17.0506,2.3293,69.1141,5.0986,3.1377,23.0969,13.64,1.2682,15.9028,43.8061,9.5669,31.9648,107.7302,17.398,12.45,5.7814,94.56,25.575,22.226,31.84,52.999
2004-12-27,50.2436,55.4,49.0,39.7729,58.5928,51.5447,25.4437,27.25,31.395,17.4914,2.4421,67.3782,5.121,3.2774,24.1032,15.64,1.32,17.0008,43.1512,9.8633,31.7761,108.7635,17.869,11.68,5.7313,97.0,26.22,23.056,33.18,54.205
2005-01-27,48.4411,56.0,48.5,40.8585,57.6477,53.1359,28.3586,27.1,30.575,17.5393,2.4618,73.9105,5.0874,3.3053,26.4841,15.38,1.3649,16.8703,41.7642,9.6885,32.6725,109.0219,18.765,11.62,6.3325,90.16,26.075,22.779,32.32,55.613
2005-02-27,50.3788,59.05,54.2,44.3374,59.6373,53.0876,29.6678,26.975,32.2853,19.4179,2.6154,76.7883,5.2833,3.459,27.1713,17.8,1.3098,17.6996,42.2265,9.9544,35.3854,114.318,19.0,12.36,6.9337,95.22,28.18,26.177,32.34,52.194
2005-03-27,51.2349,60.7,52.7666,44.3374,65.0589,53.5698,30.0384,27.925,33.4333,19.83,2.6337,75.0982,5.3337,3.6335,27.3186,16.75,1.2604,18.0067,42.5732,9.5213,35.7156,118.1286,18.412,11.88,6.6932,98.42,27.37,25.114,35.48,53.689
2005-04-27,49.4775,55.7,48.8333,42.709,68.4909,50.0499,27.7657,27.65,32.0041,18.584,2.6442,70.1647,5.0426,3.3915,27.5395,15.83,1.1491,16.6246,46.6187,9.0806,33.8284,113.4784,17.453,12.34,5.8616,92.29,25.75,24.455,32.65,49.903
2005-05-27,52.4516,59.4,52.4333,44.2881,72.0721,54.8717,28.7785,27.95,33.2459,19.0633,2.7046,73.0426,5.1882,3.4124,29.5277,15.52,1.2356,17.4308,47.736,9.5593,35.4326,107.2135,18.728,13.69,6.1922,94.25,26.84,26.837,34.94,51.46
2005-06-27,56.5522,58.55,54.6333,47.7916,66.8992,53.618,30.2607,28.25,32.8944,19.6479,2.8188,76.4686,5.2889,3.445,32.0067,16.75,1.311,17.523,51.5117,9.5517,34.0879,112.0575,19.434,13.97,6.6732,94.36,27.37,26.974,36.58,53.165
2005-07-27,62.3651,65.15,57.1333,50.7524,70.2815,58.1987,32.6321,30.025,33.9253,21.536,2.7558,76.7427,5.6527,3.7476,33.3321,17.9,1.5471,19.1278,52.0896,10.5852,39.2306,113.4138,21.017,13.1,7.2744,103.69,28.5,28.785,38.47,57.869
2005-08-27,58.2645,63.55,54.5667,50.7524,68.7396,56.1736,30.9524,30.325,32.707,20.4146,2.7164,79.118,5.4792,3.587,34.6576,16.7,1.5909,17.8608,53.0528,10.2888,40.0327,117.9994,19.932,12.53,7.084,103.18,28.08,27.85,35.88,53.453
2005-09-27,61.4639,64.7,64.6333,55.539,67.3966,58.922,31.6934,34.975,35.1905,21.5456,3.0222,78.8896,5.9829,3.6103,35.1485,17.7,1.6516,18.6364,56.5974,10.8055,43.9014,121.4225,20.085,13.54,6.3525,107.35,30.27,29.454,38.39,55.089
2005-10-27,59.7065,59.9,60.6,49.9135,64.8599,59.6935,33.3732,34.0,34.4642,22.4753,2.8778,78.6612,5.7646,3.5847,31.4176,16.06,1.4908,18.1603,55.5186,10.9043,39.3485,118.064,18.593,13.28,5.7614,115.36,29.185,27.417,36.68,52.535
2005-11-27,65.4743,62.1,65.9333,53.8859,69.038,65.576,36.2634,35.675,35.8465,24.4784,2.9605,84.0972,6.0613,3.8873,33.823,17.79,1.5864,20.9861,53.6307,11.4818,39.9383,138.215,20.447,14.85,6.0119,122.63,31.4,32.977,37.24,56.846
2005-12-27,68.4484,63.1,69.5667,52.7756,75.2057,66.3475,37.3009,34.6,38.9157,26.7787,3.034,85.4219,6.2403,4.1247,35.7867,20.2,1.6426,22.8444,56.79,11.5046,42.2029,151.0031,22.166,15.75,6.3726,129.7,32.56,35.349,36.9,63.535
2006-01-27,67.8176,66.45,72.1666,55.761,75.2554,70.3014,42.4638,35.7,40.134,27.0279,3.0615,86.3355,6.5034,4.2853,37.3084,22.19,1.8383,22.7599,59.6026,12.3557,42.604,152.424,23.587,14.98,6.3225,132.75,32.095,34.149,36.92,66.683
2006-02-27,69.5749,75.5,69.9666,52.9977,72.9674,76.1839,42.4144,36.575,39.9232,28.4655,3.5694,89.7615,6.912,4.7113,38.5357,21.55,2.0912,24.6335,55.7112,13.1156,46.0717,161.5953,24.989,15.85,7.0038,137.42,32.09,34.129,40.01,69.298
2006-03-27,72.6391,72.6,70.6667,53.047,75.3549,72.6977,42.4885,36.95,39.8997,27.0566,3.5366,90.264,6.7497,4.553,40.7693,20.95,2.2284,24.7564,60.951,12.8268,46.4964,151.3906,25.514,16.96,7.2142,135.5,32.36,34.227,44.85,65.337
2006-04-27,76.3792,74.3,67.6667,54.8234,73.2161,73.621,43.7483,39.7,40.5323,28.1301,3.3765,94.1011,6.8,4.4226,39.9,21.0,2.5387,24.956,59.2943,13.2219,47.039,155.395,26.419,18.39,6.6632,134.11,34.13,36.166,44.18,67.628
2006-05-27,70.8366,71.55,63.6,51.8,75.7528,73.7668,40.9569,39.325,39.5249,26.7403,3.3214,89.6701,6.4083,4.2271,37.875,18.0,2.3049,23.8119,59.8723,12.3633,46.1425,155.6533,23.976,17.12,6.3626,123.01,32.495,35.556,41.36,59.863
2006-06-27,66.7811,70.9,66.0,49.25,72.9674,69.5876,38.3137,37.825,37.8849,23.7235,3.4198,88.3454,6.106,4.1456,39.55,16.37,2.3363,22.5295,58.2541,11.687,44.963,151.7782,22.61,15.68,6.5129,118.63,30.06,32.239,37.49,57.974
2006-07-27,70.9718,77.9,65.0,53.45,75.1062,74.3499,38.8572,39.4,39.6889,25.9806,3.6101,95.837,6.5706,4.1968,39.9,15.36,2.487,24.1574,61.2592,12.614,48.5959,154.4908,23.107,15.45,6.9738,122.79,31.535,37.691,39.8,55.386
2006-08-27,70.2508,77.95,65.6,54.1,68.8391,80.1813,40.9322,39.475,41.5961,27.4951,3.7361,94.7407,6.7161,4.7019,41.35,16.02,2.5072,25.578,63.0315,13.3207,50.1057,157.5909,23.343,16.23,7.3645,130.7,31.835,38.538,40.41,57.31
2006-09-27,72.9996,79.95,71.95,51.2,69.0878,82.8054,43.5013,39.8,41.3899,28.7359,5.0076,106.8916,6.9847,4.7625,44.15,16.04,2.7658,26.6607,63.3012,13.7007,51.6155,169.604,24.021,15.54,8.4266,137.4,31.67,38.36,41.74,59.985
2006-10-27,74.1262,76.15,79.85,53.65,68.2919,84.1175,43.6495,40.4,42.9878,29.2929,4.7491,107.8052,7.6171,4.8975,43.8,18.12,3.1211,26.6838,60.1805,14.3086,54.7294,168.6998,24.835,15.61,8.2864,144.89,34.46,38.99,45.2,62.303
2006-11-27,71.6928,76.5,81.95,53.45,64.9097,78.6263,39.3018,40.45,43.8383,28.1399,4.2977,106.4348,7.6004,5.0325,47.1,16.14,3.1301,24.6412,63.2627,13.7918,55.0596,168.6998,25.776,15.52,7.6351,144.7,34.675,39.158,41.86,63.343
2006-12-27,72.4138,76.1,95.2,54.9,69.7841,80.0841,41.2534,40.6,46.9567,30.0159,4.3633,102.689,7.925,5.079,48.45,17.29,3.274,26.1079,66.8458,13.921,55.0125,172.575,28.093,15.63,8.106,156.1,37.09,40.27,43.49,64.812
2007-01-27,70.2058,80.6,92.3,51.7,69.5851,80.7645,45.6257,43.2,45.6165,31.2666,4.2649,102.5063,7.9865,5.4282,52.1,17.96,3.6495,25.7009,73.0487,14.4378,54.6822,184.7172,27.821,16.65,7.7152,147.78,35.975,42.386,46.55,70.828
2007-02-27,76.2621,80.69,99.2,52.4,65.3076,78.0917,46.0061,42.88,45.7969,32.1948,4.4316,105.0918,7.9138,5.1954,53.2,17.3,3.9891,25.3323,71.5461,14.2934,56.9044,183.5547,29.178,16.87,7.7453,162.59,38.935,43.507,43.69,71.493
2007-03-27,74.8561,80.42,104.73,51.45,64.1636,76.0799,47.555,42.975,46.0289,31.1298,4.6783,108.9929,7.5332,5.2699,57.55,17.63,4.2387,24.0576,69.4286,13.9058,56.4892,182.1338,28.4,16.97,8.627,154.04,40.735,45.279,43.55,71.021
2007-04-27,77.2534,87.68,106.73,54.2,67.0982,82.9901,52.2,44.325,46.4103,32.7713,4.7964,116.7585,7.3933,5.7354,58.71,17.99,4.9133,25.6011,72.4847,13.4575,56.5552,195.5678,28.816,18.74,9.3184,165.9,43.87,50.101,45.42,78.672
2007-05-27,78.0555,87.71,103.83,56.25,70.3312,88.3161,53.025,44.005,45.6217,31.3252,5.4433,121.9112,7.6507,5.2699,57.6,19.37,4.5895,25.2632,75.0968,14.1414,54.418,180.9712,32.743,19.77,9.2783,162.91,45.445,51.616,49.75,85.615
2007-06-27,75.2797,85.84,84.0,57.46,59.9855,84.409,51.25,43.69,47.9153,30.9442,5.3554,116.0276,7.606,5.0883,54.39,18.89,4.8975,25.0482,75.12,13.6475,55.2106,170.7666,32.815,20.4,9.4487,170.86,46.335,54.352,47.24,90.511
2007-07-27,73.0086,82.51,73.6,56.67,59.9656,77.4114,47.1,44.45,47.704,27.5635,5.3278,115.2967,7.6675,5.093,52.86,18.61,4.7244,23.7121,70.8711,13.5943,51.0493,156.9451,28.952,20.66,9.2883,152.89,45.865,49.53,45.07,82.886
2007-08-27,73.2069,85.17,79.17,53.88,59.3687,76.2937,47.45,45.57,47.4617,29.1268,5.2097,110.683,7.5052,5.228,51.87,18.04,4.3264,22.7599,70.8942,12.7584,52.5307,163.662,28.328,22.64,9.5366,156.67,46.57,55.376,44.0,79.354
2007-09-27,75.1355,93.24,79.36,57.5,59.6075,74.1653,44.865,44.22,48.5029,30.6119,5.4236,119.7003,7.6563,5.0185,55.09,17.15,4.8548,23.8349,69.5165,12.5228,52.8421,156.0409,24.899,26.73,10.7311,163.49,48.56,55.228,45.98,84.146
2007-10-27,79.5155,89.2,90.5,55.36,59.5378,71.8619,48.0,44.05,48.7246,29.2733,5.7845,120.3946,8.0481,4.9766,53.3,17.77,4.9785,23.2974,70.7509,12.7052,56.5883,144.932,24.807,27.64,10.2794,151.16,48.925,57.354,45.74,80.289
2007-11-27,71.8641,92.44,81.73,53.73,61.5075,69.7723,43.885,41.9,48.5132,25.9708,5.9105,101.0719,8.0425,4.8509,53.15,14.76,4.0296,19.4887,69.0542,12.3405,56.8808,143.2527,21.397,25.53,9.5667,133.92,45.36,54.982,39.92,85.501
2007-12-27,74.4326,99.21,85.47,56.34,63.5866,72.4936,46.18,43.32,52.5285,26.7623,5.4801,100.5877,8.2608,5.0045,51.17,13.77,3.8812,20.6175,73.5527,12.7128,58.5699,145.9654,21.71,26.75,9.5667,147.07,50.805,60.759,42.36,94.831
2008-01-27,62.8878,82.89,70.34,49.97,55.2105,63.6591,37.855,37.73,47.8226,22.9223,4.9027,85.833,6.7664,4.3458,44.28,10.54,3.3999,16.5862,65.3832,10.7903,50.3133,128.6562,23.162,24.2,8.7034,121.62,42.13,52.679,37.2,73.329
2008-02-27,64.6813,81.64,81.28,50.96,51.5398,62.1235,40.725,40.81,49.9204,23.2936,5.1651,87.8795,6.8952,4.3086,47.3,13.69,3.3392,18.2064,65.5959,10.7219,50.4831,131.1105,24.1,25.53,9.1852,121.65,43.25,53.221,37.08,80.508
2008-03-27,62.9779,82.05,79.25,47.19,46.7946,62.8135,42.11,40.65,49.5596,22.6194,5.4223,85.8787,7.1414,4.1829,45.85,12.84,3.0919,18.0067,63.164,10.6915,53.7669,110.0553,21.624,19.85,9.5566,122.46,42.965,49.776,34.94,60.965
2008-04-27,65.2851,74.33,84.04,52.49,50.356,67.2405,39.68,39.74,49.4617,22.7513,5.0234,76.834,7.578,4.4831,48.73,12.37,3.3033,18.3638,67.4915,10.9803,54.2576,128.0103,21.615,18.46,9.3659,129.52,45.025,54.48,35.02,65.223
2008-05-27,65.3482,76.35,104.4,55.3,46.4166,64.009,39.38,39.8,47.2917,21.4371,4.9079,74.6779,7.3205,3.9227,47.28,13.27,3.2043,18.3408,65.1983,10.9347,51.2285,113.543,21.511,17.94,9.5315,117.88,46.9,53.88,35.74,62.661
2008-06-27,59.5262,67.43,99.99,52.91,41.9401,56.2824,35.005,38.29,47.1731,18.6134,4.446,64.6648,6.5426,3.3951,38.85,12.38,2.3633,15.6762,59.4099,9.3845,42.1699,100.1736,16.15,15.38,8.5177,112.3,44.12,52.305,30.19,61.988
2008-07-27,62.996,66.14,96.55,48.375,46.9538,62.9788,35.13,31.33,47.9102,18.4668,4.1888,64.345,6.7832,3.4584,37.42,13.28,2.6219,16.1254,54.8883,9.1186,45.5669,102.2403,15.2,18.0,7.574,109.13,41.81,55.061,30.68,64.305
2008-08-27,63.762,68.9,95.51,49.02,47.3119,56.7829,33.58,33.2,46.6288,20.0448,4.3043,69.6622,6.3131,3.2122,37.57,12.03,2.3611,15.968,56.6081,8.5335,44.5478,91.3252,15.607,17.57,8.7184,109.25,39.35,52.709,27.655,64.148
2008-09-27,57.2371,72.58,108.95,43.71,46.4713,66.3415,31.15,34.96,46.368,22.7562,3.9158,60.476,6.1116,3.7515,33.785,12.68,2.2734,13.4647,55.3968,8.9818,45.1942,85.3833,15.336,13.44,8.2968,103.34,34.97,52.778,28.22,58.403
2008-10-27,42.1776,57.21,82.83,35.5,43.2383,53.4542,20.1525,33.545,33.1686,12.7558,2.5931,33.616,3.8449,2.2204,22.735,8.9,1.2041,5.0104,37.7727,5.7903,38.7399,45.598,13.399,12.0,8.1021,52.01,19.95,37.239,17.185,31.479
2008-11-27,40.3976,64.91,98.74,42.15,41.378,42.1802,25.175,29.8,36.6782,13.9234,3.034,34.6073,3.8058,2.279,31.5,10.01,1.2885,5.0104,42.2157,6.1398,41.4245,46.1147,15.471,11.3,9.0346,59.81,25.15,40.821,20.37,42.785
2008-12-27,41.4566,62.11,100.02,38.04,43.9197,28.6709,25.0,32.9,36.3267,14.6464,3.2387,41.0391,4.0099,2.3447,28.85,8.73,1.0254,5.4903,49.8673,6.497,40.528,42.9629,16.24,11.11,8.864,73.25,26.0,38.626,21.26,44.447
2009-01-27,39.0683,52.25,80.0,38.85,45.0637,24.2585,22.235,30.2,32.0346,11.9595,3.2282,35.1509,3.4516,2.204,26.845,9.11,0.8253,4.7992,45.0591,5.3116,39.8062,32.6032,16.828,9.61,9.135,63.91,22.16,41.195,18.575,39.148
2009-02-27,40.8978,51.32,67.15,37.48,40.7016,25.2595,23.9,27.4,32.9758,7.1688,2.7295,43.3961,2.9414,1.8157,25.745,8.09,0.8011,2.815,40.2415,4.3997,35.7156,26.0929,14.838,7.52,8.8941,53.63,21.96,37.475,19.75,35.265
2009-03-27,42.1866,51.64,85.89,38.45,41.2935,31.3436,25.625,28.945,35.3146,9.0097,2.8503,44.4742,3.2055,2.0446,28.325,6.999,1.185,3.5322,36.8804,4.8101,34.7154,33.8949,16.33,8.89,8.2045,66.4,23.79,36.934,23.26,38.772
2009-04-27,51.5323,51.6,99.445,38.25,41.4825,37.1701,28.65,33.01,37.2792,11.2853,3.0445,56.1135,3.9919,2.1806,34.015,9.15,1.8079,4.638,41.3284,6.123,35.7015,48.6981,17.4,10.45,8.5819,68.15,27.31,38.252,27.19,42.978
2009-05-27,53.6232,56.51,100.465,40.24,44.1634,46.4565,27.7625,32.935,36.9362,13.3372,3.2125,55.7344,4.5441,2.4174,34.75,9.511,1.7742,6.1484,43.3872,6.7948,34.989,54.3007,17.57,10.97,8.9493,70.55,30.43,38.921,26.165,47.026
2009-06-27,48.8061,53.44,96.1,38.01,40.6369,44.7849,26.41,33.995,37.2565,13.0978,3.0025,52.2261,5.0153,2.1313,32.12,8.731,1.5594,5.4773,43.3676,6.7639,35.675,51.5347,16.15,10.6,8.2215,63.19,28.02,37.937,26.53,42.715
2009-07-27,55.2454,55.9,103.5,40.47,45.8496,49.7804,29.79,37.96,39.8703,14.3338,3.0812,59.7405,5.9398,2.34,34.385,9.56,1.7033,6.6706,50.147,7.9105,36.74,59.3959,17.25,9.22,8.4223,71.14,33.96,39.561,30.54,48.898
2009-08-27,60.1571,64.69,104.05,40.2,47.1727,55.3008,32.42,37.935,42.0249,15.4281,3.3332,72.1838,6.453,2.7972,37.085,12.6,1.863,7.9821,52.0,9.6826,37.49,74.5361,17.948,9.41,8.4725,80.59,36.31,41.647,31.675,52.693
2009-09-27,61.3737,67.0,98.27,39.97,50.3659,53.7749,35.15,38.34,43.4026,17.0403,3.467,77.1995,6.6091,2.7691,38.12,13.03,1.9766,8.677,52.7745,9.3004,40.65,76.5742,18.802,10.36,8.2838,81.23,35.26,45.485,33.5,55.552
2009-10-27,63.9423,70.8,95.84,42.6,51.7586,53.24,36.305,39.07,43.431,17.4604,3.2702,71.06,6.888,2.7363,37.235,11.225,2.3881,6.8978,56.5882,9.6286,42.185,68.7129,18.3,8.84,8.7435,80.0,38.24,47.611,34.465,56.881
2009-11-27,63.9152,72.78,95.91,41.865,50.9329,55.14,36.855,38.75,44.1171,16.21,3.3489,74.0019,7.0276,2.7245,37.45,11.385,2.2138,6.55,57.33,9.8061,40.28,67.6939,17.15,8.87,9.0186,82.59,40.59,50.347,32.28,57.467
2009-12-27,70.2058,77.8,92.78,45.0,55.121,55.55,39.46,41.81,47.3829,16.64,3.5431,76.7518,7.0094,2.9238,39.86,13.49,2.3026,6.919,59.97,9.922,42.35,67.7667,19.01,8.89,9.2465,87.58,43.87,54.933,32.12,55.893
2010-01-27,71.2512,77.11,98.65,42.31,53.5194,51.75,38.27,41.87,43.8279,15.29,3.2875,80.4427,6.2023,2.6307,38.73,13.98,2.0238,6.725,58.2,8.6981,41.96,61.7524,17.25,9.02,9.1832,81.0,40.345,50.003,29.59,58.569
2010-02-27,71.7379,76.02,98.99,40.98,53.4398,53.13,39.215,44.295,49.7302,14.785,3.1043,77.0076,5.7951,2.4221,38.45,17.28,1.7382,6.565,55.33,7.3739,42.95,56.6292,16.731,9.895,9.0346,84.8,41.24,47.897,29.785,55.08
2010-03-27,78.5872,78.41,103.05,42.76,55.4294,58.72,43.075,47.375,49.8436,16.58,3.3085,88.2267,6.1052,2.6425,43.48,19.575,2.1924,7.405,61.98,8.0573,43.565,68.4613,18.99,11.57,9.8759,92.25,45.25,49.176,34.2,64.095
2010-04-27,77.7761,80.5,98.93,41.555,51.8382,50.73,42.74,45.95,49.4807,15.63,3.1647,96.2938,5.7635,2.3846,42.04,18.74,2.3273,6.986,65.11,7.7909,44.005,62.9722,20.35,9.23,10.2393,86.56,47.105,49.806,37.06,63.859
2010-05-27,78.2898,75.97,106.85,38.31,48.7892,47.33,41.22,45.995,48.7947,13.55,2.8618,87.843,4.9843,2.0446,37.06,21.545,1.9844,6.51,61.0,6.5554,41.68,53.0308,19.0,8.38,10.2543,81.28,43.305,44.964,37.205,64.226
2010-06-27,81.8226,81.29,109.5,37.88,48.7643,45.365,42.875,48.96,51.2251,13.13,2.6906,95.5172,5.3842,2.1853,35.61,22.895,1.9934,6.436,64.61,6.8079,44.24,59.0688,17.666,6.785,10.3647,82.01,46.16,46.435,40.36,65.687
2010-07-27,83.1474,82.75,130.0,38.395,44.9195,53.8,44.275,48.8,52.9548,14.25,2.9544,94.0098,6.3236,2.4385,37.685,20.2,2.2059,7.577,61.86,8.1615,44.355,65.9455,16.5,7.19,9.9381,89.5,46.11,43.935,41.5,67.199
2010-08-27,82.6157,78.0,147.0,37.065,45.0239,49.745,42.02,47.97,49.8523,12.485,2.9806,94.3295,5.5899,2.1173,35.17,19.335,2.1025,7.001,60.3,7.3407,42.59,57.0257,12.095,6.795,9.642,81.43,42.025,46.401,41.76,63.177
2010-09-27,93.818,82.85,162.55,38.0,49.7491,55.19,45.875,49.475,54.9929,12.8,3.0853,108.2163,5.6876,2.2837,36.995,21.48,2.496,7.811,60.45,7.8256,43.8,57.7271,12.455,7.27,10.164,84.19,46.595,51.144,50.15,68.065
2010-10-27,100.8927,85.25,162.95,38.6,49.2717,52.65,50.55,48.125,56.517,13.15,3.2591,107.5311,5.6425,2.4291,38.61,22.1,2.6759,7.861,63.98,7.2519,44.94,57.5136,12.3,7.825,9.8989,89.06,52.22,54.008,49.875,71.143
2010-11-27,108.0124,84.66,142.6,37.735,48.1674,48.735,54.725,47.905,55.8336,11.885,2.949,114.0177,4.6296,1.9977,39.175,24.61,2.966,7.226,64.0,6.0719,45.775,48.7615,14.1,7.225,9.4442,86.9,58.36,56.685,59.25,75.087
2010-12-27,113.2395,85.15,157.65,39.995,48.5057,48.92,57.175,49.565,57.9624,12.68,3.2712,109.3583,4.8496,1.9695,40.415,26.88,3.3707,7.2,72.31,6.1322,47.86,49.2799,15.57,7.785,9.9512,89.39,60.66,54.982,59.22,82.51
2011-01-27,103.5063,84.96,148.95,43.215,50.9031,55.48,58.225,48.395,56.2811,15.555,3.5127,105.0187,5.6045,2.2978,43.135,27.13,3.7904,8.434,71.3,7.2975,44.395,56.3548,16.02,7.735,9.912,100.9,57.41,53.644,57.31,82.965
2011-02-27,102.9204,84.4,151.0,43.78,49.4557,55.91,58.675,51.82,56.0331,15.04,3.5228,101.4556,5.5783,2.2865,42.955,25.105,3.5132,8.948,66.77,7.2083,45.285,57.1476,16.44,6.28,9.7976,102.5,59.18,53.929,58.7,82.336
2011-03-27,98.8649,82.17,154.45,42.575,48.8439,53.09,59.375,51.47,56.0331,14.68,3.4203,97.7555,5.3199,2.1384,43.155,24.68,3.381,9.324,65.74,7.1906,45.255,57.0257,16.385,5.97,9.4412,98.77,59.03,52.453,57.46,82.126
2011-04-27,107.0211,86.0,156.2,42.595,52.9822,52.16,59.425,55.5,59.9521,15.515,3.4679,108.2163,5.2894,2.0877,44.165,24.08,3.666,8.776,67.2,6.97,49.085,52.8479,16.49,6.155,9.4583,104.0,67.83,56.626,61.94,84.968
2011-05-27,106.6605,86.02,179.3,39.535,53.7482,53.5,55.25,55.7,56.9101,14.605,3.3934,108.262,4.986,1.781,43.855,27.77,3.7282,8.351,68.99,6.4404,49.75,47.3587,15.05,5.75,9.8969,95.45,61.3,54.392,60.7,78.698
2011-06-27,105.2186,86.89,197.95,38.13,52.5047,50.16,54.875,54.84,57.4786,14.615,3.3161,106.4804,4.7114,1.727,41.815,29.1,3.6738,7.847,66.93,6.2108,51.96,41.7782,14.18,4.258,9.2736,91.65,63.68,52.847,67.76,81.138
2011-07-27,116.9796,84.37,238.35,38.68,53.5194,45.835,51.25,57.44,58.0229,13.44,3.2786,119.0425,4.5816,1.571,40.885,28.04,3.5753,7.558,70.06,5.9231,50.67,37.3259,13.75,4.046,9.2695,91.72,65.86,56.616,70.7,79.704
2011-08-27,99.721,77.36,256.75,32.5,49.1921,33.56,44.225,52.97,52.4226,10.235,2.8197,98.6691,3.7509,1.123,33.96,24.4,2.1607,5.475,59.06,4.8221,45.735,27.6895,11.39,4.07,7.9394,66.15,47.625,42.636,54.05,60.903
2011-09-27,98.3242,74.58,248.6,32.84,49.2617,30.05,40.2,53.78,53.6261,9.814,2.9324,99.9939,3.8545,1.158,32.91,23.595,2.1421,5.465,61.9,5.0984,46.225,23.5269,11.65,4.23,8.4755,70.18,47.01,41.451,53.95,60.659
2011-10-27,112.2031,80.46,244.0,39.12,52.3057,35.13,45.74,53.24,57.7507,12.48,3.1337,106.4348,4.0994,1.407,37.705,23.825,2.6426,7.118,68.76,5.7102,50.37,28.6653,14.125,5.115,9.4763,84.64,54.37,47.242,61.06,68.03
2011-11-27,97.4229,75.03,224.5,35.69,47.9734,25.85,36.085,51.36,52.0053,8.85,2.6329,92.548,3.325,1.079,29.385,20.665,1.7369,4.77,66.0,4.6612,45.7,21.3618,12.32,4.046,9.117,65.79,47.24,42.804,50.32,59.985
2011-12-27,97.2427,79.72,229.55,38.84,54.922,29.955,39.12,53.7,56.4565,10.245,2.7772,100.6791,3.7014,1.279,32.915,22.6,1.8758,5.65,69.88,5.4823,47.565,20.0505,14.955,3.69,10.1439,75.45,53.17,47.503,52.82,63.894
2012-01-27,110.4457,81.12,267.6499,40.085,55.5388,34.64,47.76,55.78,57.5632,11.95,2.6985,109.8151,4.0018,1.448,36.315,23.265,2.3317,6.986,73.5,5.7393,46.935,16.8997,15.31,3.92,10.2142,85.57,60.48,52.551,64.6,63.658
2012-02-27,112.3833,85.44,275.2998,41.97,55.7576,36.59,49.905,59.73,58.6942,12.025,2.6558,115.2054,4.0798,1.484,38.345,24.355,2.311,6.67,77.13,5.6229,50.8,17.6127,16.155,4.064,10.44,91.48,65.81,55.021,69.04,65.144
2012-03-27,117.4302,89.37,252.0,38.56,57.8467,37.385,50.87,65.44,59.934,12.835,2.5627,121.6006,3.8384,1.435,39.55,27.17,2.3836,6.736,78.84,5.0414,52.08,18.3999,15.685,3.996,10.4049,92.48,67.2,52.896,68.45,67.217
2012-04-27,113.7803,91.65,266.5498,36.5,57.9064,31.045,47.965,67.37,59.8554,10.98,2.1346,116.256,3.2806,1.166,35.555,28.525,1.9483,5.39,80.45,4.4341,53.68,14.2421,15.44,2.742,9.6721,84.98,65.25,54.775,72.13,61.717
2012-05-27,106.6154,91.07,260.0,35.18,54.554,26.58,43.2,69.12,57.4967,9.382,2.0119,108.1249,3.0867,1.033,33.125,26.52,2.1089,4.804,77.72,4.1886,51.78,11.7326,14.14,2.18,9.6871,75.79,57.05,50.091,61.9,59.968
2012-06-27,104.7679,89.5,250.55,34.2,57.8268,28.355,40.84,71.94,56.9597,9.856,2.0676,101.1359,3.2867,0.993,35.1,28.015,1.9141,4.895,81.4,4.3202,47.43,11.6307,14.1,1.732,9.5536,75.48,53.09,54.106,54.52,55.683
2012-07-27,112.113,99.54,224.05,37.35,64.8599,30.185,45.7,71.37,61.0045,9.794,1.8207,110.3176,3.3412,0.9905,34.56,27.75,2.0685,5.193,87.72,4.3755,49.35,12.5197,15.27,1.742,9.7634,79.68,58.94,60.021,59.15,58.499
2012-08-27,120.3142,101.15,220.65,39.6,65.3474,34.9,50.41,69.44,64.5304,11.665,1.9754,115.4338,3.9248,1.226,35.275,27.545,2.2768,5.844,87.79,4.96,51.29,14.5199,14.49,2.684,10.1941,87.92,62.82,61.241,60.77,65.818
2012-09-27,107.697,98.27,209.3,39.68,68.461,37.895,47.83,73.81,65.1225,12.01,2.2611,109.9521,4.1387,1.221,34.115,28.095,2.1918,6.347,88.15,5.293,49.24,15.52,15.11,2.05,9.8949,93.36,66.55,67.313,57.64,68.284
2012-10-27,112.6537,97.85,211.65,38.71,67.9935,39.125,48.145,69.71,60.9114,12.215,2.4736,125.392,4.1034,1.272,34.33,30.16,2.1483,6.736,83.4,5.4232,47.1,16.1126,13.83,2.006,9.7644,93.92,63.68,66.083,60.97,67.532
2012-11-27,118.6019,104.45,233.05,37.97,68.4113,42.11,51.84,74.4,62.7874,12.38,2.4537,128.0872,4.1414,1.258,33.15,30.65,1.7794,6.84,87.2,5.5337,48.595,16.2515,13.77,2.566,9.7534,98.45,67.9,68.238,66.56,68.581
2012-12-27,125.8567,105.65,228.8,39.515,71.7737,43.435,55.87,76.17,63.2265,13.45,2.609,128.8181,4.3739,1.313,36.54,32.455,1.9846,7.106,87.45,6.0747,49.76,17.3442,15.28,3.012,10.2342,105.85,71.8,71.259,73.46,72.306
2013-01-27,126.9382,111.1,243.8,39.825,72.7088,46.665,56.3,77.56,62.7342,13.525,2.6533,142.5678,4.8054,1.486,38.495,34.45,2.3918,7.361,91.98,6.74,51.82,21.6317,15.77,3.08,10.9169,105.2,75.6,74.713,75.85,71.554
2013-02-27,118.4216,113.45,256.7,38.005,71.0475,43.155,57.94,74.62,61.7896,13.19,2.374,154.673,4.2439,1.256,35.6,34.795,2.1307,6.06,98.22,6.3689,52.95,18.0665,16.65,2.856,10.9169,103.6,72.09,72.686,70.32,69.053
2013-03-27,119.5932,120.65,265.5,37.44,77.6031,39.67,56.64,85.51,62.7342,13.46,2.3483,155.1298,3.8441,1.134,35.105,34.96,2.1566,5.614,96.98,5.8426,53.81,15.2144,17.0,2.538,11.9709,105.8,67.98,77.951,69.1,73.871
2013-04-27,116.3938,130.45,253.85,37.55,81.7912,41.58,57.77,84.75,63.3662,14.19,2.5761,152.1149,4.0956,1.358,36.705,37.725,2.4323,6.247,92.1,6.3237,57.62,18.1406,16.36,2.504,12.006,111.0,72.59,79.87,68.62,69.009
2013-05-27,124.55,134.45,276.5,39.8,85.064,45.105,61.29,88.18,64.8963,14.895,2.7343,155.6323,4.0934,1.405,37.865,40.425,2.9328,7.106,95.44,6.3149,58.65,19.3444,16.435,2.786,12.8844,118.25,74.22,83.393,71.88,72.446
2013-06-27,114.0056,126.45,247.7,37.145,79.5927,42.545,56.89,82.65,63.0003,15.16,2.6295,144.4194,3.756,1.258,38.81,40.545,2.8603,6.99,85.96,5.7414,57.13,17.2423,15.55,2.958,11.479,112.35,68.33,80.884,67.29,67.829
2013-07-27,121.7111,125.35,254.25,40.065,79.2346,48.145,58.34,80.64,65.4951,16.6,2.7198,164.9578,4.2478,1.398,40.45,43.22,3.166,7.596,88.8,6.2139,57.46,19.0018,15.705,3.008,12.3624,117.3,65.87,82.419,74.16,71.886
2013-08-27,122.387,122.45,248.9,41.725,74.6088,47.765,58.48,85.27,68.522,16.615,2.765,161.7516,4.219,1.445,39.585,42.9,2.995,8.222,92.02,6.3658,57.41,19.5944,15.68,2.99,12.5983,110.9,68.1,84.988,73.0,73.618
2013-09-27,131.6246,127.65,266.8499,43.675,74.7182,50.89,64.64,80.8,68.7216,17.395,2.8827,154.5956,4.7404,1.581,43.23,45.775,3.0934,8.428,91.9,7.3425,55.44,22.0947,17.755,4.91,12.9095,117.75,71.53,86.1,80.1,81.043
2013-10-27,125.4061,127.65,247.2,44.575,74.8177,53.35,62.58,77.16,67.7237,18.27,2.9791,155.5715,5.2137,1.8,48.11,46.865,3.0727,9.355,86.48,7.8677,55.3,24.5393,17.73,5.095,13.8983,123.6,75.17,89.751,83.66,84.67
2013-11-27,127.6592,123.85,251.6,44.68,77.7225,54.96,62.35,76.59,68.2892,19.165,3.136,152.737,5.2033,1.754,47.28,48.645,2.982,9.558,84.58,7.7868,53.64,24.6782,18.72,5.955,13.4867,126.75,78.0,95.193,84.8,88.738
2013-12-27,119.2777,126.55,263.0999,44.5,76.1408,56.42,63.31,76.93,67.7902,20.095,3.0781,142.096,5.1985,1.798,47.665,50.4,3.0235,10.075,83.03,7.9743,51.93,25.0023,18.505,5.865,13.2709,130.8,77.95,101.412,85.42,90.444
2014-01-27,111.0766,123.1,233.6,42.375,71.8533,57.0,60.17,76.71,62.8939,18.72,3.1008,135.0795,5.1168,1.946,48.2,52.28,3.8888,9.86,82.84,7.6899,50.86,25.72,18.91,5.105,12.5381,124.1,77.61,96.472,80.44,87.881
2014-02-27,122.2068,122.6,232.15,46.34,74.9371,59.15,64.68,76.33,66.0206,18.91,3.2989,137.8211,5.3734,2.216,54.19,49.865,3.951,10.505,85.46,8.0303,51.32,26.9007,21.42,5.595,13.8732,128.0,82.0,98.263,83.8,86.618
2014-03-27,119.7734,118.7,241.05,47.89,74.7182,55.68,64.63,73.23,65.515,19.16,3.4246,136.7523,5.4739,2.32,54.04,50.31,4.1816,10.01,84.03,7.7859,51.91,30.0028,20.16,5.285,14.1242,122.7,79.2,95.665,91.28,88.035
2014-04-27,127.9296,122.15,252.05,49.635,75.7628,55.08,67.2,75.22,68.4887,18.65,3.3631,147.765,5.8214,2.404,53.73,47.92,4.3992,9.86,85.15,7.9884,52.08,29.7482,20.73,5.255,13.5908,121.25,81.2,94.248,89.56,86.582
2014-05-27,130.3629,128.6,258.75,52.18,77.7424,52.59,69.06,77.56,70.9835,17.93,3.5695,149.159,6.2445,2.39,54.33,49.38,3.9925,10.165,89.19,8.4697,54.0,29.5614,20.675,5.8,13.6509,124.35,84.44,104.119,91.77,87.917
2014-06-27,126.4876,125.9,265.0,52.72,77.3345,49.41,69.09,77.87,71.2981,17.51,3.8162,148.3691,6.3813,2.278,55.04,48.505,3.8137,10.315,87.55,8.4842,54.5,28.9259,19.0,5.58,13.6659,121.4,84.64,100.773,92.36,86.582
2014-07-27,118.6469,126.9,258.95,51.1,75.5837,49.58,67.54,73.47,71.4372,17.67,3.9115,140.795,6.4894,2.304,52.94,45.645,4.0417,10.01,84.93,8.5658,55.06,28.2669,18.155,6.11,13.1552,128.85,80.37,97.141,94.3,83.93
2014-08-27,119.5932,127.5,261.45,49.74,82.955,51.76,65.15,76.24,71.664,18.895,3.8968,148.6944,6.5567,2.332,49.265,49.455,3.9225,10.505,88.06,8.4769,53.87,28.667,17.55,6.22,12.8998,130.4,79.27,100.035,90.28,86.961
2014-09-27,117.9259,124.85,237.4,50.73,87.9489,52.83,60.68,85.99,69.9955,19.815,3.9031,149.0196,6.5728,2.428,46.39,50.52,4.1686,11.29,89.18,8.7679,52.28,29.2319,17.795,6.78,12.7946,128.2,73.16,108.301,85.64,84.724
2014-10-27,115.763,120.05,238.3,44.435,82.965,48.885,57.35,84.42,68.4222,17.75,3.8152,136.0089,5.9728,2.282,43.525,47.67,3.7826,11.085,88.01,8.2789,50.75,26.996,17.32,6.6,12.6294,122.25,66.62,103.331,81.29,77.19
2014-11-27,128.8759,136.3,265.6499,45.9,76.8272,51.28,65.62,89.36,73.874,19.28,4.1208,152.3188,6.2486,2.454,43.7,51.91,5.2179,11.78,94.53,7.8383,56.17,28.1022,18.91,6.69,14.1667,138.0,74.5,118.437,91.49,86.97
2014-12-27,131.9,138.35,294.1001,43.615,74.5989,49.585,60.9,91.35,75.1912,19.53,4.0526,148.7873,6.2364,2.496,45.985,50.91,5.0081,10.95,92.63,7.4079,54.32,25.8427,19.79,6.645,14.6825,139.7,71.01,113.369,90.83,85.337
2015-01-27,145.1,156.3,297.75,46.39,81.4529,48.845,67.27,97.94,81.2285,20.85,4.3735,165.1902,5.4671,2.622,47.775,59.09,6.0003,11.305,105.9,7.2953,60.07,26.1251,21.725,7.07,16.4753,146.8,77.2,125.572,102.0,90.065
2015-02-27,163.9,162.25,288.3501,48.235,87.2426,52.09,71.98,104.45,86.4241,22.69,4.3549,169.1398,5.8123,2.984,53.02,62.9,7.1455,13.355,105.95,8.2905,62.33,27.9845,25.315,7.185,16.7907,149.6,85.65,129.951,113.0,90.056
2015-03-27,162.25,172.15,316.5,46.595,91.2118,56.19,72.13,106.3,87.9243,23.53,4.3036,171.1844,6.1228,3.14,54.24,64.15,7.8191,13.375,110.45,8.7078,62.92,29.3496,24.37,7.075,18.1929,160.25,92.07,136.939,116.1,90.308
2015-04-27,162.65,179.25,337.6499,49.17,96.8224,59.17,70.65,114.9,88.8025,23.325,4.3735,158.5918,6.1541,3.156,56.27,68.28,7.9331,14.305,116.9,8.9052,67.48,30.8324,26.67,7.1,18.5534,158.15,93.7,136.151,113.0,92.022
2015-05-27,167.85,177.65,351.95,47.4,93.0422,56.47,71.28,113.8,87.9243,24.165,4.5054,150.9248,6.0605,3.368,56.33,67.21,7.6118,15.17,112.55,8.584,64.32,31.0889,25.945,6.785,18.934,150.3,86.85,134.724,104.9,88.657
2015-06-27,171.2,168.65,357.6499,46.42,92.4751,57.63,65.59,112.95,87.778,23.855,4.5297,151.7612,6.1623,3.478,55.05,63.51,7.2699,15.485,108.2,8.791,60.66,31.0169,26.24,6.5,18.0226,146.5,83.15,130.837,103.5,85.797
2015-07-27,160.95,166.15,342.2,42.98,95.5988,55.71,62.01,116.0,84.0459,23.7,4.6085,151.8541,5.8232,3.36,54.96,59.94,6.7361,15.27,106.8,8.5587,60.37,28.8803,25.915,6.055,17.627,148.3,76.9,125.326,89.08,82.405
2015-08-27,151.15,152.8,321.95,40.18,88.0981,56.55,55.67,106.7,78.1549,22.39,4.3586,145.1164,5.0114,3.31,57.12,67.26,6.6688,13.72,92.2,7.8077,55.36,28.3281,26.015,5.66,17.4618,141.9,71.64,120.16,82.95,79.726
2015-09-27,151.15,151.9,319.3,40.385,86.5562,52.55,50.97,108.95,76.0694,21.72,4.3063,137.217,4.2879,3.13,57.71,67.98,6.0729,12.865,90.99,7.0268,55.38,27.1278,24.65,5.94,17.0261,138.35,67.64,114.796,78.89,72.174
2015-10-27,168.5,171.1,342.55,43.64,91.0526,55.47,53.61,116.85,85.8021,23.825,4.6644,156.6402,4.7168,3.22,59.96,68.65,7.1455,13.32,105.0,7.6143,62.81,28.6162,24.27,5.95,18.1278,156.6,72.98,114.206,92.38,80.501
2015-11-27,155.95,168.75,331.1001,46.62,83.3928,56.02,58.94,123.35,84.8874,25.545,4.8416,150.4136,4.6966,3.214,62.11,68.89,6.9952,13.175,107.8,7.4013,65.02,26.6236,27.85,6.815,20.6416,167.3,77.88,123.801,101.5,87.394
2015-12-27,146.05,156.7,309.05,42.105,78.6775,53.3,53.57,114.5,76.106,25.09,4.7203,149.4843,4.3056,3.09,59.28,62.96,6.7465,12.55,105.0,6.5702,62.47,24.7751,26.445,6.605,19.7853,163.0,70.95,114.255,98.55,80.871
2016-01-27,146.1,154.25,311.6499,40.15,76.7576,44.16,48.94,113.85,69.5784,22.53,4.8125,143.0254,3.6549,2.648,62.61,58.0,5.4316,10.645,104.0,5.5971,61.44,18.0916,24.45,6.665,20.2661,147.5,60.95,103.381,79.96,79.816
2016-02-27,153.2,156.65,316.3,40.835,73.3156,42.45,53.59,109.0,70.2004,20.31,4.391,150.4601,3.3832,2.338,63.41,56.04,4.7556,10.805,98.34,5.4599,63.54,16.2383,22.96,5.6,20.1509,137.85,60.96,96.275,73.89,77.867
2016-03-27,147.2,156.7,315.95,40.16,68.66,43.42,53.56,105.55,71.803,20.64,4.411,142.793,3.6622,2.408,65.0,61.06,5.2753,10.88,99.98,5.6871,62.01,16.7088,24.66,5.195,20.1008,142.6,66.04,100.871,79.58,82.008
2016-04-27,147.2,164.8,307.1499,44.965,76.5984,47.88,58.99,114.2,73.1422,22.725,4.6013,138.9363,4.2194,2.47,65.8,63.23,5.5918,11.0,95.96,6.5187,62.9,17.1247,26.22,5.265,19.4799,151.7,71.93,103.971,83.36,85.978
2016-05-27,145.05,166.9,324.5,43.9,73.4151,49.765,58.3,118.25,71.5177,22.705,4.5739,136.1483,4.0385,2.356,68.18,62.96,4.8877,11.38,98.24,5.8591,63.13,14.9603,27.4,5.06,19.9606,146.75,69.92,83.974,75.16,89.036
2016-06-27,131.4,162.8,321.1499,40.325,70.0527,36.91,49.725,113.1,64.9169,16.405,4.1042,128.8065,3.0289,1.55,58.57,56.02,4.208,8.607,94.42,4.6066,60.46,9.5594,23.315,4.56,18.9691,120.15,65.19,85.598,65.67,78.841
2016-07-27,154.45,176.2,383.3999,42.685,76.2999,43.5,57.36,122.85,70.8371,18.195,4.6627,148.0903,3.5457,1.962,67.61,63.66,4.8798,9.949,101.05,5.0524,65.7,10.7718,27.27,5.265,21.68,129.1,70.58,93.116,78.36,87.187
2016-08-27,155.9,171.3,385.8501,43.42,68.9883,44.83,61.85,112.95,72.4104,17.995,4.4635,158.4989,3.5658,2.014,67.44,62.27,4.8445,10.88,102.95,5.2507,68.31,10.9522,29.85,5.07,21.645,129.6,72.64,95.458,77.23,97.571
2016-09-27,151.85,167.55,362.1499,40.77,67.5856,45.185,61.98,116.55,70.834,18.64,4.509,166.3054,3.5429,1.948,67.69,63.1,4.2708,10.83,105.65,5.1231,65.98,10.1806,29.36,5.055,20.545,130.2,72.36,87.369,73.18,93.646
2016-10-27,168.0,165.8,375.55,44.565,68.5008,53.5,60.21,103.75,69.5417,20.825,4.7028,188.656,4.2133,2.2,65.79,63.7,5.1745,12.075,108.6,6.4898,63.5,11.9242,29.695,4.324,20.53,142.95,80.16,89.288,79.92,94.052
2016-11-27,169.0,161.85,381.8501,44.1,74.8674,54.94,62.1,99.01,71.1796,22.14,4.328,186.2397,3.9719,2.02,60.31,63.78,5.7049,12.75,98.88,5.6661,60.04,9.87,31.92,4.084,19.58,150.7,80.5,87.389,82.79,96.849
2016-12-27,179.95,172.7,389.7,48.375,75.8224,60.68,65.42,105.85,79.1885,24.165,4.6824,198.0887,4.5986,2.452,64.53,68.0,6.864,13.54,102.55,6.3268,59.31,14.1386,32.1,4.686,19.68,156.85,87.74,97.151,89.7,104.472
2017-01-27,186.85,171.3,407.55,47.225,74.1015,61.45,68.22,109.25,76.8219,23.255,4.5519,210.2631,4.9737,2.268,65.56,63.63,8.1566,13.66,110.45,6.2679,58.6,13.8831,33.35,4.326,20.03,162.0,91.18,104.266,87.41,107.54
2017-02-27,189.85,175.3,412.8,47.24,80.0105,54.74,64.16,108.25,76.9722,22.07,4.8538,214.6775,4.6951,2.19,67.44,65.77,8.188,12.93,108.4,6.0195,62.71,12.4571,32.15,4.844,20.04,163.45,87.7,102.642,84.52,110.246
2017-03-27,201.55,179.5,437.45,46.125,83.0346,60.36,66.34,113.4,79.9774,23.705,5.0876,220.0677,5.2596,2.532,74.35,69.65,7.8501,13.725,107.85,7.0603,64.2,14.2267,31.94,5.015,19.99,169.6,90.03,104.906,83.48,110.697
2017-04-27,225.9,185.8,438.55,47.285,85.5216,64.99,73.14,119.25,83.3959,24.42,5.1077,263.979,5.5168,2.672,77.55,76.75,8.1173,14.945,114.75,7.455,63.9,14.9466,33.57,5.19,19.05,174.5,89.98,110.86,87.7,119.133
2017-05-27,227.4,189.1,440.3,47.435,87.2824,66.39,68.96,120.0,83.3583,23.705,5.4236,273.9692,5.4472,2.622,77.0,79.57,7.4337,15.2,120.2,7.45,66.55,16.5862,31.935,5.735,19.775,171.05,83.86,114.845,84.31,113.72
2017-06-27,229.8,191.2,442.2,44.4,87.1729,62.65,69.17,116.45,83.4335,23.885,5.4406,287.259,5.4639,2.756,77.7,81.37,7.5122,15.14,121.4,7.374,67.93,16.2063,31.55,5.59,17.09,174.35,84.39,119.815,82.86,111.961
2017-07-27,216.05,181.05,430.5,43.0,81.7812,66.0,68.6,116.4,80.2404,25.28,5.312,283.5415,5.4825,2.906,77.26,81.47,8.0091,15.895,118.15,7.702,64.75,16.9461,30.5,5.485,17.4,182.05,79.74,106.727,78.5,104.472
2017-08-27,217.0,178.05,440.45,43.325,81.6718,64.22,67.5,105.05,77.4606,24.79,5.4868,290.7903,5.1635,2.84,76.5,83.45,9.7845,14.96,116.7,7.46,66.7,17.7759,29.66,5.23,15.45,182.2,82.3,107.268,79.29,100.007
2017-09-27,230.85,178.0,426.0,45.11,84.099,67.45,72.36,102.8,83.2832,25.08,5.218,311.2356,5.5316,2.99,80.5,85.08,11.7493,15.515,116.4,7.502,65.78,17.9958,30.92,5.005,15.525,186.65,88.61,110.023,84.97,106.412
2017-10-27,253.95,190.2,442.45,47.27,81.8508,68.5,74.71,107.3,90.2479,25.755,5.2812,367.4146,5.4165,2.916,82.95,91.22,11.631,15.89,128.05,7.193,70.0,16.9061,32.47,4.222,16.165,199.55,93.83,109.925,87.22,108.713
2017-11-27,247.5,185.85,440.5,47.265,76.5089,63.16,71.31,107.1,86.9834,25.095,5.1697,357.0056,5.2977,2.766,86.15,86.99,11.5205,15.2,129.3,7.071,70.49,16.8961,29.33,4.202,17.02,196.6,93.35,106.234,85.69,102.127
2017-12-27,251.35,187.6,448.8501,46.535,72.1418,62.72,71.92,116.2,88.1818,25.065,5.1484,366.1133,5.2854,2.818,85.75,87.83,12.207,15.485,131.9,7.214,70.75,15.8064,30.0,3.998,18.335,194.1,93.59,103.873,87.26,106.457
2018-01-27,251.9,182.6,448.1001,47.52,73.0967,68.28,75.4,114.0,89.9586,26.92,5.4041,382.981,5.7578,3.16,88.08,90.04,15.6237,16.23,130.1,7.634,69.86,17.95,31.03,3.875,18.44,203.9,95.29,105.398,93.83,109.218
2018-02-27,246.95,177.5,441.3999,47.3,65.2379,65.52,72.14,107.55,85.4132,25.915,4.9825,364.8589,5.447,3.102,82.68,91.36,14.0108,14.688,135.15,6.95,66.6,17.442,27.73,4.835,17.96,192.86,86.98,96.541,87.7,98.789
2018-03-27,245.2,175.45,473.3999,46.09,63.5866,59.53,70.28,107.2,82.2314,21.34,4.7094,355.844,5.0021,2.9265,79.98,84.14,13.247,13.568,132.4,6.289,64.05,16.612,27.1,4.469,18.756,182.34,82.5,89.337,85.81,91.842
2018-04-27,284.3999,196.9,534.2,52.1,64.8201,63.57,74.62,112.3,88.6777,23.54,5.1456,443.0161,5.0534,3.153,82.76,95.24,14.9798,13.882,137.9,6.687,67.0,17.9,29.26,4.948,20.085,194.5,86.07,96.571,91.5,95.162
2018-05-27,305.8501,207.1,608.0,51.06,65.4369,60.54,76.42,119.85,92.0661,22.445,5.0923,487.5,4.7435,2.638,85.7,101.5,14.8062,13.152,145.6,6.208,67.19,15.39,31.19,5.176,19.902,187.54,87.64,101.107,87.45,104.238
2018-06-27,283.45,208.4,521.6001,52.49,68.8092,52.85,71.08,120.75,88.0578,20.95,5.417,485.0,4.3557,2.44,82.56,100.05,13.1128,12.372,139.6,5.968,63.26,13.876,31.08,4.986,20.33,173.2,81.77,95.86,78.61,103.029
2018-07-27,301.1499,206.0,541.0,55.0,74.1811,54.8,69.28,126.1,92.1487,21.225,5.512,464.0,4.58,2.5095,87.36,107.35,11.3942,13.056,137.65,6.201,67.59,14.918,29.72,4.7,21.6,186.8,82.34,96.26,82.91,108.965
2018-08-27,302.6001,207.8,560.8,55.42,74.2308,52.46,70.9,124.25,90.2479,21.935,5.3973,470.8999,4.1684,2.203,83.6,111.85,11.8298,12.03,138.3,5.571,68.84,13.016,29.15,4.883,21.24,187.92,80.73,82.65,83.19,102.109
2018-09-27,307.6499,208.0,565.8,56.02,76.5089,54.47,70.16,129.0,93.8016,23.585,5.3342,464.0,4.2597,2.404,82.4,121.5,12.2007,11.63,140.85,5.609,67.13,13.9,28.4,4.845,19.716,197.5,78.36,77.65,79.0,100.593
2018-10-27,262.45,189.1,499.8999,50.63,74.0716,46.88,61.42,120.45,88.1404,21.805,5.2378,377.3999,3.8535,1.9378,77.44,109.7,11.0234,10.242,133.4,5.088,62.6,10.974,24.33,4.861,20.12,179.26,66.45,66.15,75.02,90.29
2018-11-27,254.2,208.0,476.6001,48.03,78.1303,45.085,63.0,108.65,86.2397,21.265,5.625,387.3999,4.0236,2.0395,78.16,108.25,11.6909,10.88,141.75,4.9185,66.41,11.438,24.48,4.866,22.665,189.8,65.2,63.75,73.87,92.564
2018-12-27,247.15,195.6,469.3,45.35,73.3753,38.545,58.22,108.8,86.6528,18.54,5.6682,385.5,3.7011,1.909,70.64,100.7,9.9565,9.191,139.85,4.545,60.28,9.596,22.23,4.834,21.93,172.16,59.67,59.16,69.86,86.447
2019-01-27,261.1001,200.6,504.3999,47.45,72.8978,42.99,61.18,111.15,86.9421,20.41,6.0074,421.2,4.2339,2.0645,76.84,110.5,11.5631,10.644,141.5,5.304,62.45,11.002,25.62,5.742,23.385,185.92,65.09,67.81,74.35,90.507
2019-02-27,302.3999,220.3,558.2,50.02,72.3507,44.2,68.32,106.75,90.4958,22.105,6.2368,481.3999,4.025,2.1315,82.74,120.0,10.2722,11.554,150.0,5.377,66.42,11.714,27.55,5.336,22.6,194.48,67.28,69.28,74.24,87.223
2019-03-27,322.8999,238.4,590.0,49.36,77.2848,42.325,68.98,98.6,93.0991,22.48,6.6972,502.0,3.979,2.16,86.24,116.9,10.5989,10.748,159.35,5.116,67.54,11.546,26.7,5.136,23.98,198.0,65.12,56.33,68.23,86.221
2019-04-27,346.45,241.9,620.0,49.345,75.8026,46.9,76.34,107.85,98.1405,23.65,6.8331,529.3999,4.301,2.285,89.32,129.35,10.935,11.316,155.75,5.377,71.56,12.072,29.35,4.7735,21.28,213.85,72.82,61.54,76.2,95.0
2019-05-27,338.6499,244.5,606.0,47.85,75.1758,44.2,73.84,106.2,94.5867,22.38,7.2171,485.95,3.8678,1.9082,90.44,121.8,10.8123,9.774,163.05,5.036,71.96,10.124,28.37,4.5505,20.51,202.8,60.99,54.67,63.76,95.0
2019-06-27,368.3501,248.0,627.3999,49.125,75.2853,41.445,78.98,113.6,100.6198,23.0,7.4549,515.6001,3.8678,1.8786,89.74,128.35,10.6777,10.186,161.4,4.903,74.7,10.75,28.55,4.35,19.658,210.65,63.08,60.86,64.85,93.412
2019-07-27,385.6001,249.1,645.6001,48.03,75.5538,42.935,79.24,119.1,102.438,23.465,7.4684,473.25,3.8918,2.01,91.96,135.0,10.7931,10.412,158.75,4.833,78.4,11.354,30.14,5.068,20.53,212.15,61.94,59.9,68.67,91.102
2019-08-27,359.8501,244.1,618.0,43.965,77.4638,40.325,73.62,132.85,102.2314,21.255,8.0872,430.05,3.3211,1.9482,97.82,128.25,10.1393,8.495,166.0,4.2905,80.6,9.719,29.5,4.478,20.775,198.76,58.24,66.98,59.49,80.294
2019-09-27,360.1499,253.4,630.8,47.59,84.6163,44.19,79.54,130.5,106.9421,23.15,8.1863,464.75,3.5458,2.1605,97.02,145.0,10.3718,9.579,162.45,4.747,80.38,10.804,31.28,4.5925,23.02,211.85,63.54,64.68,63.89,87.836
2019-10-27,383.95,243.3,653.2,47.695,82.965,47.69,83.86,134.55,106.1818,24.305,8.0107,514.0,3.8161,2.2725,100.65,139.3,10.3561,10.376,159.3,4.885,73.96,11.534,32.99,3.4545,22.815,221.55,70.62,66.54,69.43,94.188
2019-11-27,408.6499,257.8999,676.2,48.035,83.9399,51.36,88.44,141.05,110.7272,24.805,7.7604,547.8999,3.4534,2.3275,99.74,148.7,11.8997,10.5,167.0,4.8285,74.64,12.66,35.15,3.1695,23.875,218.35,68.83,69.7,74.74,106.024
2019-12-27,417.6001,266.1001,677.3999,49.29,90.3662,52.97,92.5,139.15,115.3182,25.21,8.1029,590.7,3.6,2.355,99.54,139.85,11.7388,10.77,162.0,5.039,74.5,13.118,36.25,3.28,22.75,220.6,67.9,73.21,73.51,106.674
2020-01-27,401.0,258.0,680.3999,46.11,86.2478,48.87,91.62,135.9,116.0,23.87,8.6797,552.6001,3.3312,2.255,99.66,143.55,10.363,9.939,158.6,4.5315,72.9,12.336,34.24,3.594,22.12,215.25,62.13,73.56,67.7,103.588
2020-02-27,369.8501,246.6,641.0,39.68,87.9787,45.385,93.74,126.15,116.1818,21.855,9.5349,511.7,3.277,2.2885,95.54,129.65,10.1061,8.831,151.9,4.547,65.4,12.002,31.56,3.6465,21.98,204.45,55.84,66.91,59.84,87.241
2020-03-27,341.6499,240.0,645.0,32.25,76.5984,29.875,79.48,102.55,97.1818,15.49,7.8138,479.5,2.2161,1.5666,71.64,87.0,5.6623,5.479,129.95,3.1045,55.72,7.86,23.2,2.681,21.28,153.82,41.085,50.67,45.515,65.814
2020-04-27,350.95,246.2,685.6001,32.25,92.9128,27.79,83.0,108.2,107.0,15.172,7.8864,464.8501,1.8877,1.3952,73.74,77.32,6.7286,4.881,137.0,2.686,64.08,6.969,27.25,3.161,22.95,160.3,45.42,63.0,51.2,73.753
2020-05-27,373.8501,251.4,712.0,34.04,85.7305,33.735,87.66,116.9,105.5909,16.81,8.5026,467.6001,2.0604,1.5384,84.36,87.68,7.1307,6.031,140.95,2.921,61.5,7.404,29.23,3.537,22.28,168.9,49.75,62.0,54.39,89.298
2020-06-27,387.7,285.1001,737.8,35.145,90.6248,34.485,97.3,115.2,114.6364,18.526,8.8886,477.0,2.0331,1.66,81.32,87.8,7.5476,6.02,140.05,2.998,63.44,7.909,30.25,3.893,23.99,178.0,48.695,66.79,55.77,91.878
2020-07-27,401.3999,285.6001,747.6001,32.39,88.6552,36.315,100.65,114.75,126.9545,17.768,9.9598,496.75,1.9885,1.8014,78.84,86.96,7.9305,6.282,144.15,3.018,59.84,8.562,32.74,3.6875,24.76,183.4,51.86,59.25,59.75,102.217
2020-08-27,401.0,280.6001,719.8,33.28,85.7007,36.49,105.55,113.05,127.2727,17.388,9.7425,521.1001,1.8204,1.8038,81.34,100.95,8.26,6.948,146.95,2.534,56.24,8.165,32.17,4.24,25.98,184.06,51.79,56.54,59.6,107.54
2020-09-27,400.2,270.7,731.0,28.06,86.1583,30.25,102.85,108.35,122.2273,15.57,9.403,566.0,1.485,1.579,71.02,85.22,8.9418,5.897,132.35,2.292,54.56,6.74,30.64,3.242,25.55,161.98,49.53,53.47,59.06,100.755
2020-10-27,418.8501,287.1001,825.3999,26.185,80.5775,31.375,106.75,111.4,117.9545,14.198,9.5977,545.6001,1.6269,1.4906,69.2,91.18,9.6096,6.158,144.75,2.406,49.11,6.58,30.0,3.5625,24.01,156.66,50.33,41.91,61.47,106.52
2020-11-27,496.0,309.3,823.3999,37.7,84.7656,43.825,117.45,120.95,125.5455,19.732,10.3854,606.2,2.465,1.9446,87.98,123.0,11.5605,8.416,159.7,3.958,52.78,9.094,34.15,3.418,23.81,198.14,60.92,49.51,73.09,112.68
2020-12-27,496.45,302.3,851.3999,35.89,77.9314,43.795,116.95,128.65,122.2727,19.652,10.3854,552.7,2.67,1.913,82.36,118.65,12.8419,7.917,157.75,4.1,53.64,7.692,34.91,3.179,23.46,199.88,64.69,48.18,73.38,117.0
2021-01-27,506.3999,297.6001,854.2,35.825,78.6576,40.525,123.1,118.35,124.0909,18.674,10.4327,541.6001,2.4325,1.8076,76.84,105.95,12.428,7.3,152.95,3.835,55.2,7.69,34.46,4.4,24.47,190.3,63.88,50.09,71.31,129.34
2021-02-27,525.0,302.8,923.2,38.375,75.4046,49.275,122.85,135.0,113.3636,20.8,9.574,524.8999,2.8975,2.134,86.04,113.25,13.434,9.039,157.35,4.603,56.46,8.54,35.8,3.3,21.84,199.8,67.73,50.12,71.5,127.98
2021-03-27,554.8999,323.6001,943.2,39.16,83.1341,51.67,125.1,135.9,124.2727,22.53,10.0792,564.8999,2.896,2.2975,87.24,115.3,14.638,10.146,157.75,4.433,58.6,9.083,38.78,3.451,23.56,213.25,69.82,53.21,83.79,137.38
2021-04-27,632.7,336.2,1051.0,36.79,84.9546,51.86,137.52,139.62,129.0,23.1,10.5246,648.5,3.06,2.285,89.89,122.06,14.308,10.578,170.8,4.485,57.9,8.41,39.37,3.508,22.6,216.35,71.07,54.28,86.21,142.16
2021-05-27,648.3999,365.8999,1140.0,38.045,86.4169,56.39,129.4,142.54,127.0727,22.445,10.373,736.6001,3.4475,2.394,93.74,122.56,16.078,11.4,179.6,5.143,58.25,10.354,43.13,4.12,24.0,215.35,66.37,52.2,87.68,130.02
2021-06-27,673.6001,385.3999,1227.0,39.935,87.7897,54.46,136.64,155.52,136.0364,21.98,9.5098,759.2,3.3555,2.3855,93.26,124.48,17.062,11.252,187.0,5.431,57.87,10.422,43.85,4.3335,24.675,214.65,66.05,51.79,92.4,136.92
2021-07-27,669.6001,383.55,1270.0,36.45,86.6656,51.24,138.28,152.94,135.5636,21.805,9.6345,731.2,3.1555,2.3135,89.01,115.26,15.688,10.706,184.95,5.443,57.2,9.62,41.49,4.905,25.755,210.2,67.08,50.45,83.88,133.22
2021-08-27,623.1001,393.6001,1241.0,37.75,87.7201,53.46,152.2,162.04,137.0182,24.065,9.8369,668.6001,3.166,2.378,90.89,107.12,17.164,11.662,177.7,5.58,62.16,10.676,45.24,5.164,28.72,199.0,66.5,47.31,78.28,140.68
2021-09-27,637.5,372.0,1242.5,41.06,81.6917,56.5,147.88,168.24,129.8182,23.88,8.6565,622.3,3.2025,2.472,92.59,115.02,16.936,12.454,192.25,5.78,59.28,11.544,42.22,4.8465,28.64,195.66,64.72,47.295,82.69,147.28
2021-10-27,664.3,388.3501,1335.0,43.635,85.3226,57.82,146.28,169.92,131.3818,24.41,9.4604,648.0,3.261,2.453,91.69,112.0,17.56,13.11,199.5,5.615,55.86,11.426,41.39,5.034,28.335,201.2,63.45,48.595,88.55,140.7
2021-11-27,692.0,402.3,1604.0,40.53,84.5666,55.29,151.58,178.88,135.0363,24.225,9.3625,665.5,2.783,2.1565,84.02,101.1,15.566,12.096,206.9,4.846,54.33,10.494,43.7,4.918,30.325,191.44,57.91,45.54,85.51,145.24
2021-12-27,726.3,418.1499,1538.0,44.955,88.108,60.38,172.52,186.02,138.5454,26.12,9.4416,699.0,2.9235,2.2625,91.28,106.68,16.832,12.246,210.6,5.23,54.55,13.528,46.12,5.628,30.0,207.55,61.29,47.09,90.0,150.8
2022-01-27,694.0,373.05,1292.5,51.74,94.3951,64.5,151.36,167.98,139.5637,28.14,9.7568,653.0,3.2015,2.6125,97.57,108.02,17.542,13.236,194.1,5.683,56.8,13.772,43.7,5.102,28.605,228.7,68.45,52.58,94.0,140.5
2022-02-27,666.6001,353.95,1230.0,48.27,93.3804,56.75,140.24,159.8,134.5454,24.77,9.4975,638.6001,3.1185,2.4775,95.8,114.54,16.884,11.404,196.85,5.435,56.02,12.58,40.0,4.872,26.905,207.45,60.43,52.88,88.02,129.72
2022-03-27,626.0,349.3501,1224.0,47.6,92.6343,50.0,145.88,163.88,143.4545,25.715,9.1262,582.3,3.057,2.033,91.74,104.46,14.434,9.37,187.3,5.115,50.97,9.505,37.65,4.883,28.575,213.3,51.81,60.62,77.89,128.38
2022-04-27,616.6001,341.55,1186.0,45.13,102.801,49.745,135.66,159.95,147.5455,25.705,10.2928,507.2,2.816,1.9208,92.15,104.44,12.64,8.926,195.5,4.695,55.79,8.831,37.705,4.8105,28.47,212.25,50.36,62.7,76.57,114.1
2022-05-27,593.3999,324.8,1092.0,54.88,102.38,53.55,127.8,152.7,150.6,24.27,10.8191,489.0,3.04,2.047,92.73,99.54,13.748,10.19,183.45,5.041,54.76,10.818,38.745,4.816,25.745,200.2,51.11,66.58,80.77,121.86
2022-06-27,580.2,334.55,1062.5,50.0,99.59,47.805,117.24,143.3,133.74,22.035,9.4956,496.6499,2.7705,1.8934,86.17,92.87,12.42,9.83,178.45,4.414,52.68,9.71,33.11,4.594,24.98,181.04,42.81,59.4,75.73,104.14
2022-07-27,636.0,355.75,1203.5,49.745,98.76,44.365,126.5,152.7,129.12,21.795,10.0918,528.0,2.4885,1.6772,89.85,103.94,12.93,9.208,188.35,4.16,54.45,9.389,35.73,5.093,26.37,173.82,41.62,57.02,76.58,104.52
2022-08-27,669.0,352.75,1336.5,53.96,81.89,45.85,124.7,151.9,129.64,23.43,10.7459,528.8999,2.4075,1.685,91.95,104.8,13.74,8.726,187.85,4.453,52.42,9.1,37.88,4.9455,27.52,170.58,40.94,53.7,73.12,102.9
2022-09-27,604.2,325.75,1184.5,47.845,77.45,45.11,113.12,140.65,116.62,23.3,9.6275,458.3999,2.431,1.7272,84.41,91.71,12.834,8.926,184.4,4.642,48.435,10.648,32.835,4.4095,26.96,163.74,39.495,48.255,71.76,97.92
2022-10-27,655.3999,315.75,1344.0,54.48,83.49,47.4,128.04,162.5,131.7,24.985,10.018,471.1001,2.625,1.9058,92.29,111.06,13.634,9.928,175.6,5.258,48.4,12.312,35.335,4.454,28.105,180.02,46.01,52.08,79.57,112.2
2022-11-27,700.2,350.25,1478.5,58.44,87.54,53.33,142.32,175.2,141.5,27.27,10.6426,545.3,2.8335,2.1585,97.08,117.22,14.65,11.632,186.9,5.641,50.47,13.124,38.715,4.6855,28.13,205.35,49.605,55.45,83.96,132.06
2022-12-27,690.2,336.75,1472.5,59.63,90.41,54.0,132.48,171.65,133.92,26.505,10.7213,478.5,2.815,2.082,93.95,119.36,13.158,11.58,185.5,5.649,49.97,13.262,37.31,4.3795,27.65,203.05,46.675,48.485,83.65,129.52
